episode,steps,X,Y,yaw,steer,throttle,action,reward,done,all_wheels_on_track,progress,closest_waypoint,track_len,tstamp,episode_status,pause_duration
0,1.0,3.1998871219368885,0.6831002007482636,0.18316911224739832,0.0,1.2,5,0.0,False,True,0.791422758448878,1,17.709159380834848,18.051,prepare,0.0
0,2.0,3.199803927128797,0.6831086117496652,0.18416896459280355,30.0,1.0,8,1.0,False,True,0.7909531287087833,1,17.709159380834848,18.142,in_progress,0.0
0,3.0,3.2105341180645204,0.6881228901048381,1.337583263447383,-15.0,1.2,3,1.0,False,True,0.8515876373947734,1,17.709159380834848,18.215,in_progress,0.0
0,4.0,3.2291128640201343,0.6919381252246306,2.2601651314921996,-15.0,1.0,2,1.0,False,True,0.9565308828294653,1,17.709159380834848,18.281,in_progress,0.0
0,5.0,3.270800413803456,0.6821888366862879,-0.4375714768933222,-30.0,1.2,1,1.0,False,True,1.1918473681280015,1,17.709159380834848,18.348,in_progress,0.0
0,6.0,3.3107959273050818,0.6665450139460987,-4.038438879307328,-30.0,1.0,0,1.0,False,True,1.4175583109153682,2,17.709159380834848,18.416,in_progress,0.0
0,7.0,3.363521983108682,0.6361075005559037,-10.166968212617254,-15.0,1.2,3,1.0,False,True,1.7153690213425992,2,17.709159380834848,18.478,in_progress,0.0
0,8.0,3.4300355488633723,0.5947633863852197,-16.723861158888962,15.0,1.0,6,0.5,False,True,2.0908983184569974,2,17.709159380834848,18.544,in_progress,0.0
0,9.0,3.4711000703716692,0.5740904263952167,-18.67928829924899,-15.0,1.0,2,0.5,False,True,2.3227516670095474,3,17.709159380834848,18.609,in_progress,0.0
0,10.0,3.536479145475115,0.5448217216341273,-20.193219971784867,15.0,1.2,7,0.5,False,True,2.691780821266266,3,17.709159380834848,18.678,in_progress,0.0
0,11.0,3.6009980802630137,0.5163920941708763,-21.143210034089265,-15.0,1.2,3,0.5,False,True,3.056042507664486,4,17.709159380834848,18.747,in_progress,0.0
0,12.0,3.667684571984773,0.4831924041709052,-22.763518407514546,-30.0,1.0,0,0.1,False,True,3.4325580429599616,4,17.709159380834848,18.812,in_progress,0.0
0,13.0,3.7301528049211483,0.44115939591304226,-26.0378494678356,-30.0,1.2,1,0.1,False,True,3.7852146458482476,4,17.709159380834848,18.864,in_progress,0.0
0,14.0,3.783658176667702,0.38975415888790443,-31.2590603767803,-15.0,1.0,2,0.1,False,True,4.087240030233059,5,17.709159380834848,18.942,in_progress,0.0
0,15.0,3.8319322354306977,0.3352533358296989,-36.073971390164544,0.0,1.2,5,0.1,False,True,4.3597696064009535,5,17.709159380834848,19.012,in_progress,0.0
0,16.0,3.90292924528273,0.2588610587467586,-40.22306603276282,0.0,1.2,5,0.001,False,False,4.760525118018476,6,17.709159380834848,19.064,in_progress,0.0
0,17.0,3.9413934622500317,0.22104488376814477,-41.19813589670437,15.0,1.2,7,0.001,False,False,4.977650388316849,6,17.709159380834848,19.147,in_progress,0.0
0,18.0,4.004589431117031,0.1714863882237463,-40.193694701678474,15.0,1.0,6,0.001,False,False,5.334408883406497,6,17.709159380834848,19.208,in_progress,0.0
0,19.0,4.065242923060003,0.13470314662916025,-37.706895585127974,0.0,1.0,4,0.001,False,False,5.676834554271403,7,17.709159380834848,19.278,in_progress,0.0
0,20.0,4.133022341227153,0.09510847023056115,-35.469851702546976,0.0,1.0,4,0.001,True,False,6.059472512089216,7,17.709159380834848,19.333,off_track,0.0
1,1.0,4.0853631358739655,0.6836260734584534,0.027531819262420654,30.0,1.2,9,0.0,False,True,0.7915262591454003,7,17.709159380834848,19.481,prepare,0.0
1,2.0,4.085359740167695,0.683425893449687,-0.01714415152124681,30.0,1.0,8,1.0,False,True,0.791506691534969,7,17.709159380834848,19.547,in_progress,0.0
1,3.0,4.094382053517839,0.6848260372602363,0.25769389244521834,0.0,1.0,4,1.0,False,True,0.8424565932012511,7,17.709159380834848,19.611,in_progress,0.0
1,4.0,4.1152652983154905,0.6872051680268937,0.8698602915428253,-15.0,1.2,3,1.0,False,True,0.9603847917517249,7,17.709159380834848,19.68,in_progress,0.0
1,5.0,4.149849610903904,0.6809881219442417,-0.7639172404255284,15.0,1.0,6,1.0,False,True,1.1556628992874587,7,17.709159380834848,19.746,in_progress,0.0
1,6.0,4.198026131293377,0.6828407686137559,-0.19430153200730793,-30.0,1.2,1,1.0,False,True,1.4277095372285566,8,17.709159380834848,19.812,in_progress,0.0
1,7.0,4.251781336888923,0.6889913250064639,1.2363682158276714,-15.0,1.2,3,1.0,False,True,1.731266451946356,8,17.709159380834848,19.879,in_progress,0.0
1,8.0,4.308421272835042,0.676369505029349,-1.9686787122805836,30.0,1.0,8,1.0,False,True,2.051075108893431,8,17.709159380834848,19.945,in_progress,0.0
1,9.0,4.36627760692376,0.6668962309141923,-3.6951293319341367,15.0,1.2,7,1.0,False,True,2.377758733857656,9,17.709159380834848,20.008,in_progress,0.0
1,10.0,4.430118055826155,0.669613949774721,-2.140675619814834,15.0,1.0,6,1.0,False,True,2.738258500578335,9,17.709159380834848,20.077,in_progress,0.0
1,11.0,4.508182778284885,0.6882787947712191,2.613695476474236,-30.0,1.2,1,1.0,False,True,3.1791114700662204,10,17.709159380834848,20.139,in_progress,0.0
1,12.0,4.576207449057789,0.6980798462670391,4.115331083145536,15.0,1.0,6,1.0,False,True,3.563253489800834,10,17.709159380834848,20.215,in_progress,0.0
1,13.0,4.648968371176686,0.7034564675467456,4.15793453811654,-30.0,1.0,0,1.0,False,True,3.974130662703562,11,17.709159380834848,20.274,in_progress,0.0
1,14.0,4.720102051166514,0.710789388354343,4.661783542847218,15.0,1.0,6,1.0,False,True,4.375825797422103,11,17.709159380834848,20.338,in_progress,0.0
1,15.0,4.784666570581615,0.7170782680517162,4.8751427511809915,15.0,1.0,6,1.0,False,True,4.74042206305133,12,17.709159380834848,20.414,in_progress,0.0
1,16.0,4.857038443959297,0.7346580307048305,7.383282613290685,-30.0,1.2,1,1.0,False,True,5.149130579745196,12,17.709159380834848,20.479,in_progress,0.0
1,17.0,4.924261980066746,0.7445991829308005,7.618222338469517,15.0,1.2,7,1.0,False,True,5.528749934857322,12,17.709159380834848,20.545,in_progress,0.0
1,18.0,5.003236739707969,0.7561297130377752,7.811456161509309,30.0,1.0,8,1.0,False,True,5.974729530009252,13,17.709159380834848,20.614,in_progress,0.0
1,19.0,5.063785761893762,0.7760629732515691,10.374735296122095,15.0,1.2,7,0.5,False,True,6.3166622226431155,13,17.709159380834848,20.687,in_progress,0.0
1,20.0,5.130686568418982,0.8086393953380451,14.834369674525414,15.0,1.0,6,0.5,False,True,6.694502178579207,14,17.709159380834848,20.744,in_progress,0.0
1,21.0,5.195783315348662,0.8486933805735324,19.75735784990986,-15.0,1.0,2,0.5,False,True,7.062123038529163,14,17.709159380834848,20.813,in_progress,0.0
1,22.0,5.258568706569546,0.8887750615033082,23.453328323154732,15.0,1.2,7,0.1,False,True,7.416727630023582,15,17.709159380834848,20.836,in_progress,0.0
1,23.0,5.32128288295591,0.9305443774727717,26.455071165536534,30.0,1.0,8,0.1,False,True,7.771137252284934,15,17.709159380834848,20.947,in_progress,0.0
1,24.0,5.382750413422592,0.9845775646220387,31.132145324224375,-15.0,1.2,3,0.1,False,True,8.118368707859087,16,17.709159380834848,21.011,in_progress,0.0
1,25.0,5.443211169935015,1.0363510837515928,33.96199702364425,15.0,1.2,7,0.1,False,False,8.459909391407617,16,17.709159380834848,21.038,in_progress,0.0
1,26.0,5.506234188228795,1.0899317462731084,36.01676822032333,30.0,1.0,8,0.001,False,False,8.818251497998007,16,17.709159380834848,21.144,in_progress,0.0
1,27.0,5.55850327062854,1.1494690804805523,39.9307563127819,0.0,1.2,5,0.001,False,False,9.113896488858723,17,17.709159380834848,21.169,in_progress,0.0
1,28.0,5.608402712603199,1.2106523584901945,43.18721730335639,15.0,1.0,6,0.001,False,False,9.390857233042729,17,17.709159380834848,21.279,in_progress,0.0
1,29.0,5.664030762441377,1.2740905288030377,45.02009374103218,15.0,1.2,7,0.001,False,False,9.704861320100532,17,17.709159380834848,21.31,in_progress,0.0
1,30.0,5.716618323573283,1.3429298963226124,47.47072319331878,0.0,1.0,4,0.001,True,False,10.001686504362663,18,17.709159380834848,21.417,off_track,0.0
2,1.0,4.970806593598846,0.6838502972492971,-0.02060662209586336,-30.0,1.0,0,0.0,False,True,0.7914444357023237,13,17.709159380834848,21.527,prepare,0.0
2,2.0,4.9706484030935085,0.6839376398081524,0.022039924478237015,-30.0,1.0,0,1.0,False,True,0.7905513581323118,13,17.709159380834848,21.617,in_progress,0.0
2,3.0,4.9766454941659175,0.683408114045783,0.1109634804195374,15.0,1.0,6,1.0,False,True,0.8244145392366522,13,17.709159380834848,21.678,in_progress,0.0
2,4.0,4.997089170427159,0.6840560705760518,0.2504287369198611,30.0,1.0,8,1.0,False,True,0.9398572106452021,13,17.709159380834848,21.744,in_progress,0.0
2,5.0,5.02589603673904,0.6956745926045869,2.993052914131235,-15.0,1.0,2,1.0,False,True,1.1025467744143786,13,17.709159380834848,21.799,in_progress,0.0
2,6.0,5.071172430225249,0.7081215672168746,5.407669391040535,15.0,1.0,6,1.0,False,True,1.3582380533522065,13,17.709159380834848,21.871,in_progress,0.0
2,7.0,5.120124900354945,0.7203915519349853,7.145995406851444,15.0,1.2,7,1.0,False,True,1.6346870316112692,14,17.709159380834848,21.951,in_progress,0.0
2,8.0,5.1786279907092245,0.7462843183008441,11.394221963213916,15.0,1.2,7,1.0,False,True,1.9650758037180638,14,17.709159380834848,21.991,in_progress,0.0
2,9.0,5.238058891614501,0.7737771633964062,14.782980602305226,15.0,1.0,6,0.5,False,True,2.300716808717604,15,17.709159380834848,22.081,in_progress,0.0
2,10.0,5.307176128332399,0.8109371530755125,18.819410263516342,30.0,1.0,8,0.5,False,True,2.6911762156112182,15,17.709159380834848,22.147,in_progress,0.0
2,11.0,5.365903182419297,0.8496392364795284,22.73018576244741,15.0,1.0,6,0.5,False,True,3.022893913929256,15,17.709159380834848,22.213,in_progress,0.0
2,12.0,5.427541622865099,0.8968456924601993,27.087775724808697,-30.0,1.0,0,0.1,False,True,3.3710731640044096,16,17.709159380834848,22.267,in_progress,0.0
2,13.0,5.486530946863707,0.9354096363373527,28.963622124158523,-30.0,1.0,0,0.1,False,True,3.7057132378233604,16,17.709159380834848,22.345,in_progress,0.0
2,14.0,5.552666116735707,0.9654263282006019,27.66135998266175,30.0,1.0,8,0.1,False,True,4.079412909150559,17,17.709159380834848,22.403,in_progress,0.0
2,15.0,5.6234715190084765,1.002995321562195,27.770384299049944,-30.0,1.2,1,0.1,False,True,4.476327777843925,17,17.709159380834848,22.477,in_progress,0.0
2,16.0,5.686390952854227,1.0367545560540523,27.956970709656325,-15.0,1.2,3,0.1,False,False,4.83155913897671,18,17.709159380834848,22.548000000000002,in_progress,0.0
2,17.0,5.761012329900084,1.0584950636555113,24.47758576231565,-15.0,1.0,2,0.1,False,False,5.243811235719059,18,17.709159380834848,22.611,in_progress,0.0
2,18.0,5.8354359470145205,1.0719108181450885,20.34875686194332,15.0,1.0,6,0.001,False,False,5.66371162627349,19,17.709159380834848,22.679,in_progress,0.0
2,19.0,5.90904552094997,1.090860293266,18.67156253583637,-30.0,1.2,1,0.001,False,False,6.070256903146564,19,17.709159380834848,22.748,in_progress,0.0
2,20.0,5.974862253967758,1.109263934264649,17.841302096699263,15.0,1.2,7,0.001,False,False,6.441028077591798,19,17.709159380834848,22.808,in_progress,0.0
2,21.0,6.0463811390846,1.1311465501689082,17.67115335449722,0.0,1.2,5,0.001,False,False,6.843832654002472,20,17.709159380834848,22.879,in_progress,0.0
2,22.0,6.121708532505514,1.1599855500048084,18.624838522647227,15.0,1.0,6,0.001,False,False,7.359238217269584,21,17.709159380834848,22.944,in_progress,0.0
2,23.0,6.188155111351687,1.1904533467862721,20.31702950696117,30.0,1.2,9,0.001,False,False,7.901221391391674,21,17.709159380834848,23.001,in_progress,0.0
2,24.0,6.268442037179381,1.2446269651249064,25.251524289464804,30.0,1.0,8,0.001,True,False,8.378285833335287,22,17.709159380834848,23.076,off_track,0.0
3,1.0,5.856230714937946,0.6843421854231242,0.0026031755592776924,0.0,1.2,5,0.0,False,True,0.791247151860347,19,17.709159380834848,23.201,prepare,0.0
3,2.0,5.856106164210955,0.6842554637200186,-0.018571698924776513,-15.0,1.2,3,1.0,False,True,0.7905461097582556,19,17.709159380834848,23.276,in_progress,0.0
3,3.0,5.862461586446194,0.684052906053293,-0.02752928785648157,15.0,1.2,7,1.0,False,True,0.8264387811582841,19,17.709159380834848,23.343,in_progress,0.0
3,4.0,5.881257200915108,0.6861948991974425,0.5298704012874419,30.0,1.2,9,1.0,False,True,0.932516745757267,19,17.709159380834848,23.375,in_progress,0.0
3,5.0,5.912025221533631,0.7003241750102489,3.867020435551709,-15.0,1.2,3,1.0,False,True,1.1055321986177065,19,17.709159380834848,23.47,in_progress,0.0
3,6.0,5.950989686133736,0.7152152705988399,6.833752570765559,-15.0,1.2,3,1.0,False,True,1.3248453570974288,19,17.709159380834848,23.549,in_progress,0.0
3,7.0,6.007097507373435,0.7177329229138341,5.810763333101969,-15.0,1.2,3,1.0,False,True,1.6415447146525375,20,17.709159380834848,23.611,in_progress,0.0
3,8.0,6.067097508038702,0.7085176384856577,2.3071062457074833,15.0,1.2,7,1.0,False,True,1.9857729263859092,20,17.709159380834848,23.677,in_progress,0.0
3,9.0,6.134187165807723,0.699755365139834,-0.48742226654170806,-15.0,1.2,3,1.0,False,True,2.3632254105882406,21,17.709159380834848,23.75,in_progress,0.0
3,10.0,6.204354134178188,0.6921878336761417,-2.1272928036025327,-15.0,1.0,2,1.0,False,True,2.7582216686254544,21,17.709159380834848,23.809,in_progress,0.0
3,11.0,6.279247311067241,0.6741446839214932,-5.505879193643776,-30.0,1.0,0,1.0,False,True,3.173222823867733,21,17.709159380834848,23.834,in_progress,0.0
3,12.0,6.349442637594093,0.6502122395291133,-9.294281920602636,-30.0,1.2,1,1.0,False,True,3.5570955956052726,22,17.709159380834848,23.943,in_progress,0.0
3,13.0,6.41822786759605,0.613072347229755,-15.044601285945815,-30.0,1.0,0,0.5,False,True,3.8992564901685984,22,17.709159380834848,24.017,in_progress,0.0
3,14.0,6.484107255791864,0.5673157069643794,-21.030769831456535,30.0,1.2,9,0.5,False,True,4.2328463264721865,23,17.709159380834848,24.082,in_progress,0.0
3,15.0,6.540708004126108,0.5278017605579106,-25.038303302640085,-30.0,1.2,1,0.1,False,True,4.451677887144026,23,17.709159380834848,24.145,in_progress,0.0
3,16.0,6.601484824861053,0.4841624231867381,-28.250189916092733,15.0,1.0,6,0.1,False,True,4.540786685970363,23,17.709159380834848,24.205,in_progress,0.0
3,17.0,6.667894575564313,0.43327370845836966,-31.106512596913653,0.0,1.0,4,0.1,False,True,4.799622869783729,23,17.709159380834848,24.261,in_progress,0.0
3,18.0,6.72750277456547,0.40167873551326744,-30.244409258909574,-15.0,1.0,2,0.1,False,False,5.058253045391445,24,17.709159380834848,24.343,in_progress,0.0
3,19.0,6.786222678544064,0.36891224863314287,-29.95512882507277,30.0,1.0,8,0.001,False,False,5.296722032172518,24,17.709159380834848,24.414,in_progress,0.0
3,20.0,6.850468632409974,0.3371541740935413,-28.913714590911958,-30.0,1.2,1,0.001,False,False,5.296722032172518,24,17.709159380834848,24.482,in_progress,0.0
3,21.0,6.928982060894008,0.3015496212664085,-27.505503909865727,30.0,1.2,9,0.001,False,False,5.423002480947045,24,17.709159380834848,24.544,in_progress,0.0
3,22.0,6.988163415445929,0.2702554317482976,-27.64740853602844,30.0,1.0,8,0.001,False,False,5.629137696357731,24,17.709159380834848,24.615,in_progress,0.0
3,23.0,7.061269641257632,0.24244034590792468,-25.613614864110907,30.0,1.2,9,0.001,True,False,5.9135378263921625,25,17.709159380834848,24.68,off_track,0.0
4,1.0,6.72653504544274,0.7972632346324536,19.269984719480764,0.0,1.2,5,0.0,False,True,0.7847636977401901,25,17.709159380834848,24.814,prepare,0.0
4,2.0,6.7262697469280655,0.7972396038639398,19.316718374208307,30.0,1.0,8,1.0,False,True,0.7833896711744809,25,17.709159380834848,24.88,in_progress,0.0
4,3.0,6.731816864847139,0.799883684810952,19.411382882437398,0.0,1.0,4,1.0,False,True,0.8180210103447716,25,17.709159380834848,24.944,in_progress,0.0
4,4.0,6.752458769018236,0.8088242066645625,19.7248785310367,30.0,1.2,9,1.0,False,True,0.94442418798375,25,17.709159380834848,24.971,in_progress,0.0
4,5.0,6.779409656361247,0.8250262528737368,21.15184445706934,30.0,1.0,8,1.0,False,True,1.121893459375728,25,17.709159380834848,25.08,in_progress,0.0
4,6.0,6.813422705903643,0.867466941151511,27.561650690188994,30.0,1.0,8,1.0,False,True,1.407287875335561,25,17.709159380834848,25.13,in_progress,0.0
4,7.0,6.837317093835321,0.9073261899331517,33.310978536380766,15.0,1.0,6,1.0,False,True,1.6459881631675943,26,17.709159380834848,25.212,in_progress,0.0
4,8.0,6.867928640126278,0.9613078501030292,39.85853176844835,15.0,1.2,7,1.0,False,True,1.9611242928964268,26,17.709159380834848,25.282,in_progress,0.0
4,9.0,6.899772318119785,1.0205653218993243,45.60258740546417,30.0,1.2,9,1.0,False,True,2.3511227826376073,26,17.709159380834848,25.349,in_progress,0.0
4,10.0,6.9233390311091885,1.0925136586940607,53.14781052412665,0.0,1.0,4,0.5,False,True,2.7208898476258874,27,17.709159380834848,25.415,in_progress,0.0
4,11.0,6.944483110089869,1.1682495178460204,59.634705741288634,0.0,1.0,4,0.5,False,True,3.2590479626609685,28,17.709159380834848,25.484,in_progress,0.0
4,12.0,6.973675160502139,1.237190950017128,61.855421016755066,0.0,1.0,4,0.5,False,True,3.786865549581861,28,17.709159380834848,25.526,in_progress,0.0
4,13.0,7.006640707322605,1.2970401696653613,61.65449176527546,30.0,1.0,8,0.5,False,True,4.172694961683909,29,17.709159380834848,25.605,in_progress,0.0
4,14.0,7.039861667835709,1.361718446671598,61.97775980782667,-30.0,1.2,1,0.5,False,True,4.6843081186705025,29,17.709159380834848,25.678,in_progress,0.0
4,15.0,7.077401883492419,1.4297609837745644,61.60014284454153,15.0,1.0,6,0.5,False,True,5.120378536991016,30,17.709159380834848,25.743,in_progress,0.0
4,16.0,7.114715961544448,1.4866781664188697,60.2920399292902,-15.0,1.2,3,0.5,False,True,5.585122820965971,30,17.709159380834848,25.812,in_progress,0.0
4,17.0,7.157959252051247,1.5522860502543325,59.11920106496078,15.0,1.0,6,0.5,False,True,6.008007077078559,31,17.709159380834848,25.879,in_progress,0.0
4,18.0,7.204249290046762,1.6172901754666318,57.74953808180964,-30.0,1.2,1,1.0,False,True,6.518033150760683,31,17.709159380834848,25.948,in_progress,0.0
4,19.0,7.245026929594681,1.6756047419931435,57.00028575620537,15.0,1.2,7,1.0,False,True,6.8637045655981055,32,17.709159380834848,26.013,in_progress,0.0
4,20.0,7.296242515212027,1.741856395863707,55.440272106099094,-15.0,1.2,3,1.0,False,True,7.2439951426113645,32,17.709159380834848,26.082,in_progress,0.0
4,21.0,7.342221033564132,1.8030155539723127,54.65169982055302,0.0,1.0,4,1.0,False,True,7.555691856923397,33,17.709159380834848,26.142,in_progress,0.0
4,22.0,7.397752013475305,1.8654456193671063,52.639828194899465,0.0,1.2,5,0.5,False,True,7.868039420392581,33,17.709159380834848,26.211,in_progress,0.0
4,23.0,7.449678784285194,1.9211381322825622,50.96674078122084,-15.0,1.0,2,0.1,False,True,8.045336637267214,33,17.709159380834848,26.236,in_progress,0.0
4,24.0,7.504725076512466,1.9737704545955062,48.842543472236514,15.0,1.2,7,0.1,False,True,8.27017428891892,33,17.709159380834848,26.347,in_progress,0.0
4,25.0,7.5592786450030145,2.0356267096212486,48.739475648879164,-15.0,1.0,2,0.1,False,True,8.546510009355906,34,17.709159380834848,26.412,in_progress,0.0
4,26.0,7.610726252605193,2.098895017758977,49.370761913363864,15.0,1.0,6,0.001,False,False,8.797139282354195,34,17.709159380834848,26.474,in_progress,0.0
4,27.0,7.6621824440265565,2.1561647429568738,48.976601388876475,15.0,1.2,7,0.001,False,False,8.797139282354195,34,17.709159380834848,26.546,in_progress,0.0
4,28.0,7.703079102284858,2.2187443380103304,51.26440019046623,15.0,1.2,7,0.001,False,False,9.042083744598662,34,17.709159380834848,26.612,in_progress,0.0
4,29.0,7.738684182096944,2.2921965198504646,55.23722683622568,-15.0,1.0,2,0.001,False,False,9.368433995162578,35,17.709159380834848,26.68,in_progress,0.0
4,30.0,7.781644092424724,2.3835891537294986,58.81914159109641,-30.0,1.0,0,0.001,True,False,9.657348187022608,35,17.709159380834848,26.738,off_track,0.0
5,1.0,7.257820805004963,1.4837203933056542,67.58841689904553,-30.0,1.0,0,0.0,False,True,0.7886120646201089,30,17.709159380834848,26.881,prepare,0.0
5,2.0,7.257796483116848,1.4832226276744125,67.5202092288764,-15.0,1.2,3,1.0,False,True,0.7858697096845502,30,17.709159380834848,26.944,in_progress,0.0
5,3.0,7.260137689050504,1.4901475822726447,67.61127136932386,15.0,1.0,6,1.0,False,True,0.8270944806546887,31,17.709159380834848,27.014,in_progress,0.0
5,4.0,7.261562525199672,1.5136968183544486,69.42004592956424,-15.0,1.2,3,1.0,False,True,0.9572556385089581,31,17.709159380834848,27.079,in_progress,0.0
5,5.0,7.270860592887689,1.548953794612964,70.29552751702278,-15.0,1.0,2,1.0,False,True,1.1631206273140737,31,17.709159380834848,27.148,in_progress,0.0
5,6.0,7.294391395553828,1.5868423355882535,68.08272235809277,-15.0,1.2,3,1.0,False,True,1.384859034016206,31,17.709159380834848,27.204,in_progress,0.0
5,7.0,7.328106456349211,1.6350719470321988,65.01645675268266,30.0,1.0,8,1.0,False,True,1.670745387846434,31,17.709159380834848,27.277,in_progress,0.0
5,8.0,7.3596806599477524,1.69171334627079,63.92223259351366,15.0,1.0,6,0.5,False,True,2.0030879809046054,32,17.709159380834848,27.344,in_progress,0.0
5,9.0,7.378181539227718,1.7512108780386495,66.10089482576312,-30.0,1.0,0,0.5,False,True,2.240905005206284,32,17.709159380834848,27.414,in_progress,0.0
5,10.0,7.400719671899006,1.8140874878603295,67.17535013754691,-15.0,1.0,2,0.5,False,True,2.5781155803587916,33,17.709159380834848,27.482,in_progress,0.0
5,11.0,7.435634500156065,1.8777603021729115,65.48856181198617,15.0,1.2,7,0.5,False,True,2.911401809566949,33,17.709159380834848,27.547,in_progress,0.0
5,12.0,7.466075308410374,1.9366438067965988,64.75549760863086,-15.0,1.0,2,0.1,False,True,3.1113603005020973,33,17.709159380834848,27.608,in_progress,0.0
5,13.0,7.495198612315607,2.000097429909672,64.85391895015469,-15.0,1.2,3,0.1,False,True,3.4268460124066644,34,17.709159380834848,27.682,in_progress,0.0
5,14.0,7.536392261572977,2.064049002159798,62.543254129955756,30.0,1.2,9,0.1,False,True,3.730682442564426,34,17.709159380834848,27.746,in_progress,0.0
5,15.0,7.5766625512768675,2.124648210443338,60.77834567263758,-30.0,1.0,0,0.1,False,True,3.7971392823541947,34,17.709159380834848,27.809,in_progress,0.0
5,16.0,7.614774131465907,2.1898149496655903,60.422520061279975,-15.0,1.2,3,0.001,False,False,4.050555367058778,34,17.709159380834848,27.876,in_progress,0.0
5,17.0,7.6669923249735366,2.255185759251777,57.523104180361,-15.0,1.0,2,0.001,False,False,4.303133332029107,35,17.709159380834848,27.947,in_progress,0.0
5,18.0,7.720181945547655,2.3059843144944034,53.58206881493369,30.0,1.0,8,0.001,False,False,4.476146245585877,35,17.709159380834848,28.014,in_progress,0.0
5,19.0,7.769706269107365,2.3575331179282566,51.58873004742651,30.0,1.2,9,0.001,True,False,4.657348187022609,35,17.709159380834848,28.083,off_track,0.0
6,1.0,7.090146473983851,2.33209717105122,117.92155735744174,30.0,1.0,8,0.0,False,True,0.7873028563356366,36,17.709159380834848,28.213,prepare,0.0
6,2.0,7.090189558990957,2.3320076142132034,117.93516785692168,30.0,1.0,8,1.0,False,True,0.786753080203495,36,17.709159380834848,28.278,in_progress,0.0
6,3.0,7.0837768047989185,2.338571897042845,118.52582673928248,-15.0,1.0,2,1.0,False,True,0.8381790783050846,36,17.709159380834848,28.343,in_progress,0.0
6,4.0,7.070083478572613,2.351973464405489,119.97401259942693,15.0,1.0,6,1.0,False,True,0.9452252171813003,37,17.709159380834848,28.411,in_progress,0.0
6,5.0,7.051467815711136,2.378621063693268,120.63050236969697,15.0,1.0,6,1.0,False,True,1.1286281008132781,37,17.709159380834848,28.482,in_progress,0.0
6,6.0,7.018766398933582,2.407292503030812,123.82630727870352,15.0,1.2,7,1.0,False,True,1.3713570740286563,37,17.709159380834848,28.54,in_progress,0.0
6,7.0,6.971777346943697,2.437723454859179,128.96667265092844,-15.0,1.0,2,1.0,False,True,1.6803288811464923,37,17.709159380834848,28.611,in_progress,0.0
6,8.0,6.924535759989644,2.481774058278247,131.00482673648273,-15.0,1.2,3,1.0,False,True,2.044817093931417,38,17.709159380834848,28.678,in_progress,0.0
6,9.0,6.891102758271944,2.5311771614930483,129.34663796313689,-15.0,1.2,3,1.0,False,True,2.378307672382085,38,17.709159380834848,28.748,in_progress,0.0
6,10.0,6.862601618463235,2.5941008751212706,125.29281180889768,15.0,1.0,6,1.0,False,True,2.722950377990885,39,17.709159380834848,28.807,in_progress,0.0
6,11.0,6.830796946938576,2.6602972511514724,122.56690181116906,-30.0,1.0,0,1.0,False,True,3.048579672509133,39,17.709159380834848,28.873,in_progress,0.0
6,12.0,6.793862730778534,2.7252945684810124,121.75601046935486,-30.0,1.0,0,0.5,False,True,3.399346967921751,39,17.709159380834848,28.947,in_progress,0.0
6,13.0,6.759794479454764,2.799016344043286,119.5657249310635,-15.0,1.0,2,0.5,False,True,3.7696147473878283,40,17.709159380834848,29.01,in_progress,0.0
6,14.0,6.740783999748461,2.8553307684385243,116.98503936923944,0.0,1.0,4,0.1,False,True,3.893893204394838,40,17.709159380834848,29.079,in_progress,0.0
6,15.0,6.7192701657219525,2.9211777699658446,114.61266774375478,-15.0,1.2,3,0.1,False,True,4.095913688686243,40,17.709159380834848,29.14,in_progress,0.0
6,16.0,6.696972358706881,2.9944530443119564,112.28576435904486,-30.0,1.2,1,0.1,False,True,4.3576969630781175,41,17.709159380834848,29.193,in_progress,0.0
6,17.0,6.6863104663350486,3.0762921683167654,107.61845387121753,0.0,1.0,4,0.001,False,False,4.574660758789423,41,17.709159380834848,29.254,in_progress,0.0
6,18.0,6.6776739451334395,3.1496227447803427,104.54309088911654,-15.0,1.2,3,0.001,False,False,4.740222884203115,41,17.709159380834848,29.346,in_progress,0.0
6,19.0,6.6635598149325075,3.2218978707735952,103.4567801733425,0.0,1.0,4,0.001,False,False,4.740222884203115,41,17.709159380834848,29.413,in_progress,0.0
6,20.0,6.649005921415572,3.289657000184097,103.08413078844251,30.0,1.0,8,0.001,False,False,4.740222884203115,41,17.709159380834848,29.47,in_progress,0.0
6,21.0,6.623891408981049,3.3596509152839937,105.04000565115759,0.0,1.2,5,0.001,True,False,4.918229974069005,41,17.709159380834848,29.529,off_track,0.0
7,1.0,6.344308323548818,2.7669919732700214,168.4419283262719,15.0,1.0,6,0.0,False,True,0.7894848867672,42,17.709159380834848,29.679,prepare,0.0
7,2.0,6.344454764550577,2.7670733291928626,168.39152566275501,30.0,1.2,9,1.0,False,True,0.7886914472193474,42,17.709159380834848,29.743,in_progress,0.0
7,3.0,6.3366767012531815,2.7673767443073194,168.64974530414392,-30.0,1.2,1,1.0,False,True,0.832626595413194,42,17.709159380834848,29.796,in_progress,0.0
7,4.0,6.318191123144767,2.7657565349029696,169.9367478100882,0.0,1.2,5,1.0,False,True,0.9361367177346314,42,17.709159380834848,29.881,in_progress,0.0
7,5.0,6.287529553615359,2.7696153055593062,170.2259531788993,15.0,1.2,7,1.0,False,True,1.1103636078782175,43,17.709159380834848,29.922,in_progress,0.0
7,6.0,6.245129846123405,2.767797787801625,172.33955321490737,-30.0,1.2,1,1.0,False,True,1.3485169762342653,43,17.709159380834848,30.01,in_progress,0.0
7,7.0,6.181582269070659,2.767876137011013,174.1079451877221,-30.0,1.2,1,1.0,False,True,1.7076853694580396,43,17.709159380834848,30.075,in_progress,0.0
7,8.0,6.131261456952927,2.787015431941075,170.90086983151195,0.0,1.2,5,1.0,False,True,1.9941540464455842,44,17.709159380834848,30.134,in_progress,0.0
7,9.0,6.054968066027727,2.8127972363151503,167.95190616243934,-15.0,1.0,2,1.0,False,True,2.421331399520632,44,17.709159380834848,30.211,in_progress,0.0
7,10.0,6.003856628145838,2.8268176290263782,167.2800911009173,-15.0,1.0,2,1.0,False,True,2.7092769487514823,45,17.709159380834848,30.276,in_progress,0.0
7,11.0,5.941310909424889,2.849344092533508,165.42745487356743,-30.0,1.0,0,0.5,False,True,3.0613867300447684,45,17.709159380834848,30.346,in_progress,0.0
7,12.0,5.875388808930962,2.8792552952055734,162.7173996293473,-15.0,1.2,3,0.5,False,True,3.4319411347923214,45,17.709159380834848,30.382,in_progress,0.0
7,13.0,5.802465682586972,2.9197827198670523,158.94680690194798,-15.0,1.2,3,0.5,False,True,3.8416959901807877,46,17.709159380834848,30.472,in_progress,0.0
7,14.0,5.7503239449962456,2.953529198301663,156.03841663519944,0.0,1.2,5,0.5,False,True,4.135293821848862,46,17.709159380834848,30.55,in_progress,0.0
7,15.0,5.674047696128065,2.996423097032429,154.2868467878819,15.0,1.2,7,0.1,False,True,4.564067173876146,47,17.709159380834848,30.61,in_progress,0.0
7,16.0,5.605873395765718,3.023321045058216,155.4525671336579,-30.0,1.0,0,0.1,False,True,4.953901097331065,47,17.709159380834848,30.679,in_progress,0.0
7,17.0,5.525862895391935,3.053228107579283,156.7202309968809,30.0,1.0,8,0.1,False,True,5.405073118956833,48,17.709159380834848,30.746,in_progress,0.0
7,18.0,5.462705966824889,3.0793975274868477,156.915677613251,15.0,1.0,6,0.1,False,True,5.760753781648653,48,17.709159380834848,30.809,in_progress,0.0
7,19.0,5.389308447055752,3.1005837580198463,159.0145628975237,0.0,1.2,5,0.1,False,False,6.17473918551148,49,17.709159380834848,30.879,in_progress,0.0
7,20.0,5.314374905863776,3.1190209563553073,161.09232697369964,30.0,1.0,8,0.1,False,False,6.5643836251853935,49,17.709159380834848,30.946,in_progress,0.0
7,21.0,5.237823459180377,3.1352029602431255,163.19368354211946,30.0,1.2,9,0.1,False,False,6.994675312416737,50,17.709159380834848,31.006,in_progress,0.0
7,22.0,5.16218338891952,3.141364986102523,166.7738245160103,-15.0,1.2,3,0.1,False,False,7.475590747442534,50,17.709159380834848,31.082,in_progress,0.0
7,23.0,5.079141757487156,3.1457595081110177,169.965469314539,15.0,1.2,7,0.001,False,False,7.944629426169741,51,17.709159380834848,31.146,in_progress,0.0
7,24.0,5.003216767481824,3.1505003788822905,171.85320401363947,0.0,1.0,4,0.1,False,False,8.629417145774221,52,17.709159380834848,31.21,in_progress,0.0
7,25.0,4.919565019232315,3.145504336732442,175.5808393005283,-30.0,1.2,1,0.1,False,False,9.33969559752676,52,17.709159380834848,31.25,in_progress,0.0
7,26.0,4.826409540686944,3.1459534219994185,176.98994922169175,-15.0,1.2,3,0.1,False,False,10.136294650639787,53,17.709159380834848,31.34,in_progress,0.0
7,27.0,4.764329274302647,3.156709070580708,175.30207502517501,-15.0,1.0,2,0.1,False,False,10.483295072014492,54,17.709159380834848,31.414,in_progress,0.0
7,28.0,4.691963440280517,3.1752138452257723,172.53255300226388,0.0,1.0,4,0.1,False,False,11.202351604963573,55,17.709159380834848,31.479,in_progress,0.0
7,29.0,4.621079998315573,3.195339192425762,170.12878768077746,30.0,1.2,9,0.1,False,False,11.860823527501674,55,17.709159380834848,31.543,in_progress,0.0
7,30.0,4.547145433923006,3.203771201318204,171.2177332555573,-30.0,1.2,1,0.1,False,False,12.202776646611829,56,17.709159380834848,31.615,in_progress,0.0
7,31.0,4.47193956905736,3.2073629816254665,173.02386673266813,15.0,1.0,6,0.5,False,True,12.618722334502868,56,17.709159380834848,31.65,in_progress,0.0
7,32.0,4.3938343142384095,3.2209599076457445,172.1319746097706,15.0,1.2,7,0.5,False,True,12.97647072846178,57,17.709159380834848,31.746,in_progress,0.0
7,33.0,4.313868412250196,3.2192157502902146,174.96269833011988,-30.0,1.2,1,1.0,False,True,13.278228345566816,57,17.709159380834848,31.812,in_progress,0.0
7,34.0,4.22751234950717,3.220725841726582,176.27328508649737,0.0,1.2,5,1.0,False,True,13.622459923169322,57,17.709159380834848,31.86,in_progress,0.0
7,35.0,4.142475648739039,3.2284168254984187,175.85252257037192,0.0,1.0,4,1.0,False,True,13.961626852578918,58,17.709159380834848,31.945,in_progress,0.0
7,36.0,4.0532047815809715,3.2275121178828177,177.47573204911316,-15.0,1.2,3,0.5,False,True,14.268923290609752,58,17.709159380834848,32.013,in_progress,0.0
7,37.0,3.9820957032587896,3.229994189613812,177.59310868539941,15.0,1.0,6,0.5,False,True,14.531022261942212,58,17.709159380834848,32.081,in_progress,0.0
7,38.0,3.903041284848988,3.231457838704769,178.01620083087587,15.0,1.0,6,0.1,False,True,14.816697962923303,59,17.709159380834848,32.147,in_progress,0.0
7,39.0,3.828140117877311,3.21992283433439,-178.857018597758,30.0,1.2,9,0.1,False,True,15.046073725494956,59,17.709159380834848,32.212,in_progress,0.0
7,40.0,3.758437045700824,3.2017541876215314,-175.05440783124297,0.0,1.0,4,0.1,False,True,15.215641455435202,59,17.709159380834848,32.278,in_progress,0.0
7,41.0,3.686985386131827,3.1754523639845855,-170.48184584629072,0.0,1.0,4,0.001,False,False,15.355889828128033,59,17.709159380834848,32.302,in_progress,0.0
7,42.0,3.614532885342992,3.159765780352583,-169.69309505670648,-30.0,1.0,0,0.001,False,False,15.546134120885402,60,17.709159380834848,32.415,in_progress,0.0
7,43.0,3.541315498788003,3.1509175033593135,-170.6676668688371,30.0,1.0,8,0.001,False,False,15.769014872138865,60,17.709159380834848,32.478,in_progress,0.0
7,44.0,3.4714665477358233,3.1475843158305374,-172.59750482009977,-15.0,1.0,2,0.001,True,False,16.00025611610438,60,17.709159380834848,32.547,off_track,0.0
8,1.0,5.458557521220985,2.7690655970776206,-179.8082496962277,15.0,1.2,7,0.0,False,True,0.7910949366531028,48,17.709159380834848,32.677,prepare,0.0
8,2.0,5.458603838928689,2.769010577928873,-179.80940738907913,15.0,1.0,6,1.0,False,True,0.7908346182017523,48,17.709159380834848,32.746,in_progress,0.0
8,3.0,5.451348018175899,2.768578763211681,-179.7362878070497,0.0,1.0,4,1.0,False,True,0.8318160577035605,48,17.709159380834848,32.814,in_progress,0.0
8,4.0,5.427576709210589,2.7701990011147006,179.8294551600067,15.0,1.0,6,1.0,False,True,0.9660106229441745,48,17.709159380834848,32.881,in_progress,0.0
8,5.0,5.3912411508613225,2.765149663462304,-178.95083256994505,15.0,1.2,7,1.0,False,True,1.1713010165518456,49,17.709159380834848,32.943,in_progress,0.0
8,6.0,5.3495045716181195,2.7583380738271543,-177.59708496898998,15.0,1.2,7,1.0,False,True,1.4071289053981584,49,17.709159380834848,33.007,in_progress,0.0
8,7.0,5.291171417411486,2.7464433916428024,-175.52673085018372,30.0,1.2,9,1.0,False,True,1.738816977347285,49,17.709159380834848,33.059,in_progress,0.0
8,8.0,5.206405865544699,2.7111090384219163,-169.27653850432262,0.0,1.0,4,1.0,False,True,2.221488042006947,50,17.709159380834848,33.143,in_progress,0.0
8,9.0,5.159062392994315,2.6909036234376225,-166.63160929076358,0.0,1.0,4,1.0,False,True,2.480341580244799,50,17.709159380834848,33.214,in_progress,0.0
8,10.0,5.087447885101094,2.672721578007689,-166.4552313288856,0.0,1.2,5,0.5,False,True,2.884209299264928,51,17.709159380834848,33.279,in_progress,0.0
8,11.0,5.019286573598607,2.6665922080233178,-168.76692661517916,-15.0,1.2,3,0.5,False,True,3.2052192365578103,51,17.709159380834848,33.351,in_progress,0.0
8,12.0,4.94185224372655,2.667835816491114,-172.3828395825935,-30.0,1.0,0,0.5,False,True,3.636608932368801,52,17.709159380834848,33.411,in_progress,0.0
8,13.0,4.862878341111631,2.676660074031172,-176.61974568639582,-15.0,1.2,3,0.5,False,True,4.051426850044459,52,17.709159380834848,33.478,in_progress,0.0
8,14.0,4.786192011420245,2.6911715009994763,179.16785013301867,-30.0,1.2,1,0.5,False,True,4.450958827678369,52,17.709159380834848,33.544,in_progress,0.0
8,15.0,4.707692006821799,2.7165471052540657,173.83842382028323,15.0,1.0,6,0.5,False,True,4.907890837222784,53,17.709159380834848,33.581,in_progress,0.0
8,16.0,4.631149696288828,2.7421557160333747,170.08159495441706,30.0,1.0,8,0.5,False,True,5.278758320261334,53,17.709159380834848,33.678,in_progress,0.0
8,17.0,4.558282952713375,2.75244543174727,170.60667412825813,15.0,1.0,6,0.5,False,True,5.680987609445603,54,17.709159380834848,33.736,in_progress,0.0
8,18.0,4.481872474038946,2.7525860640625925,173.35622240075998,0.0,1.2,5,0.5,False,True,5.917436764337269,54,17.709159380834848,33.812,in_progress,0.0
8,19.0,4.408632905614984,2.7487116768333975,176.03978490294077,15.0,1.0,6,0.1,False,True,6.2541911103288665,55,17.709159380834848,33.88,in_progress,0.0
8,20.0,4.335416552887504,2.740230581347539,179.03384466322478,-30.0,1.2,1,0.1,False,True,6.576831621832996,55,17.709159380834848,33.946,in_progress,0.0
8,21.0,4.258511227697557,2.7370816687119928,-179.95558037945804,15.0,1.2,7,0.1,False,True,6.648579114772124,55,17.709159380834848,34.015,in_progress,0.0
8,22.0,4.176574143997332,2.743057271399455,178.74429111449533,30.0,1.0,8,0.1,False,True,7.0148051308955015,55,17.709159380834848,34.083,in_progress,0.0
8,23.0,4.093275422826549,2.737337313459727,-179.6073450834008,15.0,1.2,7,0.001,False,False,7.34251749083521,56,17.709159380834848,34.148,in_progress,0.0
8,24.0,4.015672010319013,2.7241808703767316,-176.86123075058393,0.0,1.0,4,0.001,False,False,7.449199601129286,56,17.709159380834848,34.208,in_progress,0.0
8,25.0,3.929964047161558,2.705258057238724,-173.65960463010165,-15.0,1.2,3,0.001,False,False,7.6447731938492804,56,17.709159380834848,34.28,in_progress,0.0
8,26.0,3.857885985899287,2.6933117869954235,-172.84897742812856,15.0,1.2,7,0.001,True,False,7.874041517753433,56,17.709159380834848,34.347,off_track,0.0
9,1.0,4.590565500662377,2.881255426755371,157.43183697255637,-15.0,1.2,3,0.0,False,True,0.7913155394690563,54,17.709159380834848,34.483,prepare,0.0
9,2.0,4.590852408643625,2.8812854302833117,157.41801493397804,-30.0,1.0,0,1.0,False,True,0.7900414090570074,54,17.709159380834848,34.548,in_progress,0.0
9,3.0,4.583941539443859,2.8813596928218885,158.10755144143081,0.0,1.0,4,1.0,False,True,0.8231545148446373,54,17.709159380834848,34.612,in_progress,0.0
9,4.0,4.564132775622018,2.886125163221471,158.76564698248902,30.0,1.0,8,1.0,False,True,0.9319061880056989,54,17.709159380834848,34.678,in_progress,0.0
9,5.0,4.528034690298472,2.884747144540491,162.18075522292105,-15.0,1.2,3,1.0,False,True,1.0995004722670898,54,17.709159380834848,34.747,in_progress,0.0
9,6.0,4.488802930295412,2.88508163271815,164.98329957837151,-15.0,1.2,3,1.0,False,True,1.2872128866166677,55,17.709159380834848,34.782,in_progress,0.0
9,7.0,4.434132007167716,2.9006153325430395,164.7141934169376,15.0,1.2,7,1.0,False,True,1.5945991931202497,55,17.709159380834848,34.878,in_progress,0.0
9,8.0,4.373588231949088,2.921891735835696,163.6580139312076,-15.0,1.0,2,0.5,False,True,1.864782954215738,55,17.709159380834848,34.942,in_progress,0.0
9,9.0,4.312962807694327,2.9374162301675915,164.1069676669308,0.0,1.2,5,0.5,False,True,2.177738377524191,56,17.709159380834848,35.008,in_progress,0.0
9,10.0,4.234865332299892,2.9591769757184316,164.18351172824237,-15.0,1.0,2,0.5,False,True,2.5125310517650936,56,17.709159380834848,35.081,in_progress,0.0
9,11.0,4.166638924821636,2.9807652124209776,163.70561178539268,-15.0,1.2,3,0.1,False,True,2.865024095419483,56,17.709159380834848,35.144,in_progress,0.0
9,12.0,4.1005795885315965,3.0156053109078647,160.32994196257667,15.0,1.2,7,0.1,False,True,3.2637200314926504,57,17.709159380834848,35.216,in_progress,0.0
9,13.0,4.032853305528229,3.0437326762752397,159.45458116605187,15.0,1.2,7,0.1,False,True,3.551396236792587,57,17.709159380834848,35.271,in_progress,0.0
9,14.0,3.961584428243011,3.0599160584367606,161.67395664797456,30.0,1.0,8,0.1,False,True,3.8780567454885615,58,17.709159380834848,35.338,in_progress,0.0
9,15.0,3.8792317048372107,3.067638867442937,165.72099404565043,15.0,1.2,7,0.1,False,False,4.179049820476033,58,17.709159380834848,35.386,in_progress,0.0
9,16.0,3.801423651686375,3.0680904421298907,169.84002574239054,30.0,1.0,8,0.001,False,False,4.455864300254858,58,17.709159380834848,35.44,in_progress,0.0
9,17.0,3.7210473654083036,3.060989157355069,174.5064520319699,-30.0,1.2,1,0.001,False,False,4.70847398491987,59,17.709159380834848,35.544,in_progress,0.0
9,18.0,3.6470794422985136,3.0578430539456765,176.7899778842487,0.0,1.2,5,0.001,False,False,4.955874308347047,59,17.709159380834848,35.613,in_progress,0.0
9,19.0,3.561432873170521,3.0609249711563953,177.12406207154575,0.0,1.0,4,0.001,True,False,5.303607655327802,59,17.709159380834848,35.679,off_track,0.0
10,1.0,3.977230288344831,3.511989075752745,129.250010068264,30.0,1.0,8,0.0,False,True,0.7906417151504697,60,17.709159380834848,35.8,prepare,0.0
10,2.0,3.9772146322148085,3.511970058469657,129.2548413297375,-30.0,1.0,0,1.0,False,True,0.7906144853577046,60,17.709159380834848,35.874,in_progress,0.0
10,3.0,3.974419508160485,3.522444945477317,128.23248289673032,30.0,1.0,8,1.0,False,True,0.8464332787980255,60,17.709159380834848,35.943,in_progress,0.0
10,4.0,3.9678217424562314,3.539801443208775,126.81418365194325,30.0,1.0,8,1.0,False,True,0.9459391299433129,60,17.709159380834848,36.005,in_progress,0.0
10,5.0,3.937636047427617,3.5574515606369075,130.04845356985135,0.0,1.0,4,1.0,False,True,1.1308902602103654,60,17.709159380834848,36.04,in_progress,0.0
10,6.0,3.894217813023859,3.5743382051511188,135.3101769234267,30.0,1.0,8,1.0,False,True,1.3597126680238991,61,17.709159380834848,36.145,in_progress,0.0
10,7.0,3.8435470729867593,3.595202290912544,140.09198749917556,30.0,1.2,9,1.0,False,True,1.6318198958621688,61,17.709159380834848,36.21,in_progress,0.0
10,8.0,3.7815045900447415,3.6064647179079827,147.23753385757766,30.0,1.2,9,0.5,False,True,1.9022624011502731,61,17.709159380834848,36.275,in_progress,0.0
10,9.0,3.7047944734578087,3.6064009783964392,156.63148745503932,-30.0,1.2,1,0.5,False,True,2.1755416341366516,62,17.709159380834848,36.344,in_progress,0.0
10,10.0,3.636286432082671,3.607119594579154,163.33586562203567,30.0,1.0,8,0.1,False,True,2.4229965383142096,62,17.709159380834848,36.386,in_progress,0.0
10,11.0,3.5644597898088426,3.611581390435248,167.2022161216263,0.0,1.0,4,0.1,False,True,2.6991147313815302,62,17.709159380834848,36.477,in_progress,0.0
10,12.0,3.492790367415832,3.6139591069247325,170.20361460149385,0.0,1.2,5,0.1,False,True,2.9652000373953493,63,17.709159380834848,36.544,in_progress,0.0
10,13.0,3.425294664699957,3.6293610845354864,169.33487423540808,-15.0,1.2,3,0.1,False,True,3.2734050661206213,63,17.709159380834848,36.605,in_progress,0.0
10,14.0,3.354665349180218,3.655381209085089,166.46047962710523,30.0,1.0,8,0.001,False,False,3.6408054522240327,63,17.709159380834848,36.678,in_progress,0.0
10,15.0,3.2744049961356154,3.6872706876769286,163.86836635336678,-15.0,1.2,3,0.001,False,False,4.06688133411584,64,17.709159380834848,36.743,in_progress,0.0
10,16.0,3.208862136418737,3.7066876568848386,163.77258061713076,30.0,1.0,8,0.001,False,False,4.376906403736763,64,17.709159380834848,36.786,in_progress,0.0
10,17.0,3.1307848084774426,3.726968270168544,164.26224374642393,30.0,1.0,8,0.001,False,False,4.7434990700695625,65,17.709159380834848,36.876,in_progress,0.0
10,18.0,3.052400188178382,3.737181128015348,166.7962878364533,-30.0,1.0,0,0.001,False,False,5.06702103899011,65,17.709159380834848,36.947,in_progress,0.0
10,19.0,2.984867933567653,3.746900118618493,168.16136140020228,30.0,1.2,9,0.001,True,False,5.344554200523405,65,17.709159380834848,37.007,off_track,0.0
11,1.0,3.418351434819249,4.198929254702602,128.99847942371383,-30.0,1.2,1,0.0,False,True,0.7912736494813832,66,17.709159380834848,37.129,prepare,0.0
11,2.0,3.4183597645600177,4.198771344193349,129.02850330762587,15.0,1.2,7,1.0,False,True,0.7905505554073211,66,17.709159380834848,37.21,in_progress,0.0
11,3.0,3.412254386971396,4.206641148346909,128.8784713653941,15.0,1.0,6,1.0,False,True,0.8467837544270274,66,17.709159380834848,37.278,in_progress,0.0
11,4.0,3.3979130201813197,4.219283063441149,129.65971292518103,0.0,1.2,5,1.0,False,True,0.9554143652514169,66,17.709159380834848,37.345,in_progress,0.0
11,5.0,3.3711317436255985,4.242901591365566,130.97044267262655,0.0,1.2,5,1.0,False,True,1.1569531989076731,66,17.709159380834848,37.411,in_progress,0.0
11,6.0,3.335717810676077,4.283180622265729,130.99232489943776,0.0,1.2,5,1.0,False,True,1.458424040403128,67,17.709159380834848,37.46,in_progress,0.0
11,7.0,3.2941375513146496,4.329934070660375,131.16456201661487,15.0,1.0,6,1.0,False,True,1.8015841042592462,67,17.709159380834848,37.547,in_progress,0.0
11,8.0,3.249469262108844,4.374053191656602,132.19999617430005,0.0,1.0,4,1.0,False,True,2.147457101971373,67,17.709159380834848,37.567,in_progress,0.0
11,9.0,3.200372438766978,4.421986959805003,133.1320346070907,-15.0,1.0,2,1.0,False,True,2.5259486332805503,68,17.709159380834848,37.679,in_progress,0.0
11,10.0,3.154217625844309,4.477545086454021,132.12348344253508,15.0,1.0,6,1.0,False,True,2.87592339556042,68,17.709159380834848,37.704,in_progress,0.0
11,11.0,3.1151308704459937,4.528118137510035,130.97982726144133,30.0,1.2,9,0.5,False,True,3.199245028396691,69,17.709159380834848,37.812,in_progress,0.0
11,12.0,3.034486741825993,4.588854130963467,135.5049915566102,0.0,1.0,4,0.5,False,True,3.5858625337515826,69,17.709159380834848,37.881,in_progress,0.0
11,13.0,2.9947141760995173,4.614308651664117,137.8085631754297,30.0,1.2,9,0.5,False,True,3.834084347469946,69,17.709159380834848,37.944,in_progress,0.0
11,14.0,2.93108811652509,4.6552344452477215,140.60931180180617,30.0,1.2,9,0.5,False,True,4.231401305347459,70,17.709159380834848,38.015,in_progress,0.0
11,15.0,2.861992507259918,4.678947073177013,146.3011143083582,15.0,1.0,6,0.5,False,True,4.480378284388198,70,17.709159380834848,38.07,in_progress,0.0
11,16.0,2.779581853277391,4.69580992304163,153.26950007779794,30.0,1.2,9,0.1,False,True,4.924657764164431,71,17.709159380834848,38.148,in_progress,0.0
11,17.0,2.6978174691742103,4.701974269625125,160.27061342634042,30.0,1.2,9,0.1,False,True,5.3868644909076835,72,17.709159380834848,38.199,in_progress,0.0
11,18.0,2.623093849120033,4.694361096195165,167.5558173480909,0.0,1.0,4,0.1,False,True,5.792421276989179,72,17.709159380834848,38.278,in_progress,0.0
11,19.0,2.5467389206860043,4.6904043393350285,172.0051430617099,-30.0,1.2,1,0.1,False,True,6.223536748520231,72,17.709159380834848,38.346,in_progress,0.0
11,20.0,2.4728542305045544,4.7049987764723715,171.09350123669222,-30.0,1.0,0,0.1,False,True,6.640911201563171,73,17.709159380834848,38.415,in_progress,0.0
11,21.0,2.4034527313555327,4.732316252865472,167.46241916390707,15.0,1.2,7,0.1,False,True,6.981825703356115,73,17.709159380834848,38.474,in_progress,0.0
11,22.0,2.3334423924844545,4.7586966052944195,165.11838856477078,30.0,1.0,8,0.1,False,True,7.371424145147332,74,17.709159380834848,38.547,in_progress,0.0
11,23.0,2.2615585434554117,4.7726790431112,166.1992405088823,30.0,1.0,8,0.1,False,True,7.779402718988893,74,17.709159380834848,38.617,in_progress,0.0
11,24.0,2.1862895299619183,4.777746724513744,169.09075238878012,0.0,1.2,5,0.1,False,True,8.20323809099498,75,17.709159380834848,38.679,in_progress,0.0
11,25.0,2.11082632791027,4.782789360122341,171.10403866270875,30.0,1.0,8,0.1,False,True,8.63875785660676,75,17.709159380834848,38.747,in_progress,0.0
11,26.0,2.038941950044929,4.793822928663234,171.16478379829337,-30.0,1.2,1,0.1,False,True,9.042838743769,76,17.709159380834848,38.812,in_progress,0.0
11,27.0,1.9634423626548934,4.810728818774608,169.88618692952275,15.0,1.0,6,0.1,False,False,9.466021025999705,76,17.709159380834848,38.836,in_progress,0.0
11,28.0,1.8927646604419122,4.830598080673305,168.3271755007329,-15.0,1.0,2,0.1,False,False,9.861912711830524,77,17.709159380834848,38.944,in_progress,0.0
11,29.0,1.817383243548679,4.845218764025685,168.54775479097188,15.0,1.2,7,0.1,False,False,10.273724355968572,77,17.709159380834848,39.014,in_progress,0.0
11,30.0,1.7501523733771494,4.8533149873180665,169.79858216798604,0.0,1.0,4,0.1,False,False,10.651657984227192,78,17.709159380834848,39.059,in_progress,0.0
11,31.0,1.6656794433126878,4.858360211178528,171.92043289271945,-15.0,1.2,3,0.001,False,False,11.109443161540689,78,17.709159380834848,39.146,in_progress,0.0
11,32.0,1.5912694327213024,4.872443245025437,171.0638563893422,30.0,1.2,9,0.001,False,False,11.525994937220041,79,17.709159380834848,39.213,in_progress,0.0
11,33.0,1.5168972236299745,4.879865860970581,171.96578145331523,0.0,1.0,4,0.001,False,False,11.909700609163398,79,17.709159380834848,39.279,in_progress,0.0
11,34.0,1.4428902442699503,4.879167238754997,174.3767969230263,-15.0,1.0,2,0.001,False,False,12.293130301998412,79,17.709159380834848,39.341,in_progress,0.0
11,35.0,1.3671937694324534,4.886232454374869,174.50119462870404,15.0,1.2,7,0.001,False,False,12.716712078084091,80,17.709159380834848,39.412,in_progress,0.0
11,36.0,1.2877537154741314,4.88359955633672,176.82889160700114,-30.0,1.0,0,0.001,False,False,12.77927478041998,80,17.709159380834848,39.476,in_progress,0.0
11,37.0,1.2166026334620768,4.876751028279396,179.2088586110853,-30.0,1.2,1,0.001,False,False,13.073981169201787,80,17.709159380834848,39.544,in_progress,0.0
11,38.0,1.143582035069587,4.888328441146773,176.80810216243736,30.0,1.0,8,0.001,False,False,13.454094907795,81,17.709159380834848,39.617,in_progress,0.0
11,39.0,1.063248862931049,4.895819834693867,176.1531789056098,-30.0,1.0,0,0.001,False,False,13.61633580390963,81,17.709159380834848,39.679,in_progress,0.0
11,40.0,0.9875997218169303,4.894191142137046,177.65029080744537,-15.0,1.0,2,0.001,True,False,13.61633580390963,81,17.709159380834848,39.741,off_track,0.0
12,1.0,2.6227584590380113,4.4978840046783795,179.07378738535456,-30.0,1.2,1,0.0,False,True,0.7921134364562543,72,17.709159380834848,39.878,prepare,0.0
12,2.0,2.6230360020671872,4.497829514428474,179.0787557474806,0.0,1.2,5,1.0,False,True,0.7905456002215816,72,17.709159380834848,39.947,in_progress,0.0
12,3.0,2.619559834355073,4.499373800489114,178.63162222172255,30.0,1.2,9,1.0,False,True,0.8101920746894531,72,17.709159380834848,40.013,in_progress,0.0
12,4.0,2.6043833811296073,4.4941027169902945,-179.9597642817663,0.0,1.2,5,1.0,False,True,0.8958311648430639,72,17.709159380834848,40.065,in_progress,0.0
12,5.0,2.569689150399752,4.483552494285197,-177.47252476026432,30.0,1.0,8,1.0,False,True,1.0916237766413706,72,17.709159380834848,40.145,in_progress,0.0
12,6.0,2.5347823046492444,4.4790686020844745,-176.9566833203234,0.0,1.2,5,1.0,False,True,1.2886849587043558,72,17.709159380834848,40.212,in_progress,0.0
12,7.0,2.4813060920455428,4.4732604861764065,-176.34844764024643,-15.0,1.0,2,1.0,False,True,1.5905885106966333,73,17.709159380834848,40.271,in_progress,0.0
12,8.0,2.4219040304813437,4.476177836512093,-177.9356628437553,0.0,1.2,5,1.0,False,True,1.930807022927783,73,17.709159380834848,40.345,in_progress,0.0
12,9.0,2.345830669258768,4.483055967045336,179.90461616989487,30.0,1.0,8,1.0,False,True,2.358662167059844,74,17.709159380834848,40.414,in_progress,0.0
12,10.0,2.2820431424449623,4.481098208638405,-179.61243443261023,0.0,1.2,5,1.0,False,True,2.718804495042737,74,17.709159380834848,40.481,in_progress,0.0
12,11.0,2.198856601371286,4.477104446270413,-178.90675765222858,30.0,1.0,8,1.0,False,True,3.1890330947748513,75,17.709159380834848,40.549,in_progress,0.0
12,12.0,2.1201029460267233,4.471152358186472,-177.85873153620307,-15.0,1.2,3,1.0,False,True,3.6340341453796166,75,17.709159380834848,40.616,in_progress,0.0
12,13.0,2.0436056021363598,4.468345629261121,-177.91755388081964,0.0,1.2,5,1.0,False,True,4.066269740544981,76,17.709159380834848,40.684,in_progress,0.0
12,14.0,1.9599466659633153,4.472470068098606,-179.48810049723608,15.0,1.0,6,1.0,False,True,4.537884190649311,76,17.709159380834848,40.746,in_progress,0.0
12,15.0,1.8774368120220677,4.470223020785196,-179.1110470339623,-15.0,1.2,3,1.0,False,True,5.003973201351086,77,17.709159380834848,40.809,in_progress,0.0
12,16.0,1.8038276734703143,4.47147456144039,-179.6914032577488,30.0,1.0,8,1.0,False,True,5.41950711477025,77,17.709159380834848,40.881,in_progress,0.0
12,17.0,1.7214040205916143,4.478488032834653,178.57629138708376,0.0,1.2,5,1.0,False,True,5.883385746374003,78,17.709159380834848,40.945,in_progress,0.0
12,18.0,1.644807525817032,4.484288251916641,177.65325428045455,-15.0,1.2,3,1.0,False,True,6.314081122450743,78,17.709159380834848,40.997,in_progress,0.0
12,19.0,1.5682288517617056,4.502307303012401,174.34280861702717,0.0,1.0,4,1.0,False,True,6.741954394422434,79,17.709159380834848,41.081,in_progress,0.0
12,20.0,1.4962759609676688,4.522147806223506,171.49321578997478,-30.0,1.0,0,1.0,False,True,7.134100656391396,79,17.709159380834848,41.136,in_progress,0.0
12,21.0,1.4197401357634747,4.550733380344045,167.74341011148167,15.0,1.2,7,0.5,False,True,7.553869997298557,80,17.709159380834848,41.211,in_progress,0.0
12,22.0,1.3563240732694584,4.574535908406177,165.56929595942984,-15.0,1.0,2,0.5,False,True,7.779274780419976,80,17.709159380834848,41.283,in_progress,0.0
12,23.0,1.2822745975166956,4.59477877057919,165.30965651537863,30.0,1.0,8,0.5,False,True,8.139792350455533,80,17.709159380834848,41.348,in_progress,0.0
12,24.0,1.2135769189204688,4.613575872148847,165.19519751420597,30.0,1.2,9,0.1,False,True,8.485535562488478,81,17.709159380834848,41.41,in_progress,0.0
12,25.0,1.1310969363578582,4.620888703996409,168.3509629960852,15.0,1.2,7,0.1,False,True,8.616335803909625,81,17.709159380834848,41.482,in_progress,0.0
12,26.0,1.0553906057353342,4.617165118040896,172.63022610282266,-30.0,1.0,0,0.1,False,True,8.99605510797995,81,17.709159380834848,41.544,in_progress,0.0
12,27.0,0.9792804823674544,4.613971623432239,175.55588693149923,30.0,1.0,8,0.1,False,True,9.380098935209414,82,17.709159380834848,41.613,in_progress,0.0
12,28.0,0.8897451310708874,4.613053533681533,177.2365570202403,-15.0,1.2,3,0.1,False,True,9.482454724485311,82,17.709159380834848,41.68,in_progress,0.0
12,29.0,0.8192854157847976,4.612151237972112,178.13215338585653,-30.0,1.2,1,0.001,False,False,9.794064929193746,82,17.709159380834848,41.746,in_progress,0.0
12,30.0,0.7390750506733827,4.625915161944442,175.6777106514791,-15.0,1.0,2,0.001,False,False,10.096025281026211,83,17.709159380834848,41.811,in_progress,0.0
12,31.0,0.6679797411606426,4.649920119612732,171.46576114140444,0.0,1.0,4,0.001,False,False,10.308578232659604,83,17.709159380834848,41.875,in_progress,0.0
12,32.0,0.5776804669173248,4.680147240667221,167.9252218718763,15.0,1.2,7,0.001,False,False,10.308578232659604,83,17.709159380834848,41.94,in_progress,0.0
12,33.0,0.5256192261653689,4.691691738374951,167.83761799392465,15.0,1.2,7,0.001,True,False,10.308578232659604,83,17.709159380834848,42.007,off_track,0.0
13,1.0,1.7376651679804493,4.477035129201368,-178.42692850749546,-15.0,1.0,2,0.0,False,True,0.7918811751306043,78,17.709159380834848,42.144,prepare,0.0
13,2.0,1.7379031774600011,4.477011560247323,-178.4360538062431,0.0,1.2,5,1.0,False,True,0.7905422774273863,78,17.709159380834848,42.211,in_progress,0.0
13,3.0,1.7280179880517896,4.477787044774425,-178.67786893777054,-15.0,1.2,3,1.0,False,True,0.8461880904749419,78,17.709159380834848,42.279,in_progress,0.0
13,4.0,1.7005391898458655,4.482813503934364,179.93178275746018,-15.0,1.2,3,1.0,False,True,1.0003398969368638,78,17.709159380834848,42.346,in_progress,0.0
13,5.0,1.6629219788248406,4.491207636718058,177.90228577496333,15.0,1.0,6,1.0,False,True,1.2102720388864285,78,17.709159380834848,42.411,in_progress,0.0
13,6.0,1.6149186009370302,4.499659907972194,176.31786113474698,0.0,1.2,5,1.0,False,True,1.4791448830798193,79,17.709159380834848,42.476,in_progress,0.0
13,7.0,1.5580842184911068,4.496694304995271,177.863434297979,-30.0,1.2,1,1.0,False,True,1.800494209316461,79,17.709159380834848,42.544,in_progress,0.0
13,8.0,1.4964318410785165,4.493265187337059,179.2035288157859,-15.0,1.0,2,1.0,False,True,2.144684678954012,79,17.709159380834848,42.605,in_progress,0.0
13,9.0,1.424166008614804,4.503697177151428,177.12693600304584,-30.0,1.0,0,1.0,False,True,2.5476061146362694,80,17.709159380834848,42.684,in_progress,0.0
13,10.0,1.3577365981603238,4.522422045906513,173.68073881998873,0.0,1.2,5,1.0,False,True,2.837631709189148,80,17.709159380834848,42.745,in_progress,0.0
13,11.0,1.287015600448709,4.54115450973823,171.3768737603881,-15.0,1.2,3,0.5,False,True,3.194486070154645,80,17.709159380834848,42.816,in_progress,0.0
13,12.0,1.2143489257515587,4.556032621478681,170.4928075550179,-15.0,1.2,3,0.5,False,True,3.567718121121932,81,17.709159380834848,42.881,in_progress,0.0
13,13.0,1.1364557000763131,4.579086396904444,168.31324881177284,-30.0,1.0,0,0.1,False,True,3.7011923991665197,81,17.709159380834848,42.941,in_progress,0.0
13,14.0,1.0680157264650028,4.604517294946674,165.8530031107926,30.0,1.2,9,0.1,False,True,3.968624255560682,81,17.709159380834848,43.013,in_progress,0.0
13,15.0,0.9933218090694415,4.6325817235471085,163.95009271055116,15.0,1.0,6,0.1,False,True,4.2596411414906,82,17.709159380834848,43.079,in_progress,0.0
13,16.0,0.9194385474947807,4.6470219660912,165.40259429623595,-15.0,1.0,2,0.1,False,True,4.4558327995973706,82,17.709159380834848,43.105,in_progress,0.0
13,17.0,0.8480309014216959,4.663261531476762,165.88417427940166,30.0,1.2,9,0.001,False,False,4.485896582134008,82,17.709159380834848,43.205,in_progress,0.0
13,18.0,0.7774787562115024,4.681037512422409,165.90500912628497,15.0,1.0,6,0.001,False,False,4.731270020866097,82,17.709159380834848,43.279,in_progress,0.0
13,19.0,0.7002425892370756,4.687651890815655,168.66579275807598,15.0,1.2,7,0.001,False,False,5.045721298108285,83,17.709159380834848,43.346,in_progress,0.0
13,20.0,0.6257935396396075,4.684290914889107,172.6788249679365,15.0,1.2,7,0.001,False,False,5.3085782326596,83,17.709159380834848,43.412,in_progress,0.0
13,21.0,0.5477845602905129,4.669325323975565,178.12803972772102,-15.0,1.0,2,0.001,True,False,5.3085782326596,83,17.709159380834848,43.436,off_track,0.0
14,1.0,0.9302064335327317,4.196426137421482,-140.78543522500755,30.0,1.2,9,0.0,False,True,0.7866830782151224,84,17.709159380834848,43.58,prepare,0.0
14,2.0,0.9303516084953062,4.196605505087856,-140.81425309527944,-30.0,1.2,1,1.0,False,True,0.7853823777318802,84,17.709159380834848,43.677,in_progress,0.0
14,3.0,0.9229128386950135,4.192713087138862,-141.14818605708726,-15.0,1.2,3,1.0,False,True,0.829941975130355,84,17.709159380834848,43.744,in_progress,0.0
14,4.0,0.9006297972469685,4.186386950135459,-143.33824337340374,-15.0,1.2,3,1.0,False,True,0.9411858957269703,84,17.709159380834848,43.767,in_progress,0.0
14,5.0,0.8572182862166339,4.175714673574139,-147.41013773057838,-30.0,1.0,0,1.0,False,True,1.151021865430657,84,17.709159380834848,43.875,in_progress,0.0
14,6.0,0.8124114644043204,4.170567575578466,-152.06686096177842,15.0,1.0,6,0.5,False,True,1.2724783418337937,84,17.709159380834848,43.941,in_progress,0.0
14,7.0,0.7607659281809582,4.160147411983268,-155.8065331342871,15.0,1.0,6,0.5,False,True,1.4838215644826458,84,17.709159380834848,44.013,in_progress,0.0
14,8.0,0.7102744633651834,4.1351366732607575,-155.30272539655127,-15.0,1.0,2,0.5,False,True,1.7599518954521942,85,17.709159380834848,44.075,in_progress,0.0
14,9.0,0.6506784821775891,4.106788986397958,-155.0905460035173,-30.0,1.2,1,0.5,False,True,2.0645496500010463,85,17.709159380834848,44.149,in_progress,0.0
14,10.0,0.5870596913331998,4.091351501607575,-157.9692166677752,0.0,1.2,5,0.1,False,True,2.113151733334695,85,17.709159380834848,44.212,in_progress,0.0
14,11.0,0.5123386992166253,4.0797837453107935,-161.79740117478082,30.0,1.2,9,0.1,False,True,2.3404055318439587,85,17.709159380834848,44.269,in_progress,0.0
14,12.0,0.44542424763962296,4.051620348150255,-160.54899412101517,0.0,1.2,5,0.1,False,True,2.636213992869052,86,17.709159380834848,44.345,in_progress,0.0
14,13.0,0.37885248266175675,4.01960767708294,-158.78031046462834,-30.0,1.2,1,0.001,False,False,2.9108419101283034,86,17.709159380834848,44.415,in_progress,0.0
14,14.0,0.304048876847123,3.992714637548551,-159.30254957343132,15.0,1.0,6,0.001,False,False,2.9108419101283034,86,17.709159380834848,44.48,in_progress,0.0
14,15.0,0.2340597587968262,3.970217713946731,-160.14397509570375,30.0,1.2,9,0.001,False,False,2.96480546182204,86,17.709159380834848,44.549,in_progress,0.0
14,16.0,0.15953958637737053,3.9311147678676317,-157.59875721343838,-15.0,1.0,2,0.001,False,False,3.2698253735662153,86,17.709159380834848,44.614,in_progress,0.0
14,17.0,0.09458052056331875,3.8926471039365396,-155.22333291752796,0.0,1.2,5,0.001,True,False,3.559890446075087,87,17.709159380834848,44.634,off_track,0.0
15,1.0,0.7180078635078077,3.3626228281205788,-87.08968472373836,-30.0,1.0,0,0.0,False,True,0.7901183804026823,89,17.709159380834848,44.813,prepare,0.0
15,2.0,0.7180821909870864,3.362825209256977,-87.04823796134703,0.0,1.2,5,1.0,False,True,0.7890483310219576,89,17.709159380834848,44.855,in_progress,0.0
15,3.0,0.7203866246194484,3.3544751267611916,-86.58944004367774,30.0,1.2,9,1.0,False,True,0.8375861879195923,89,17.709159380834848,44.938,in_progress,0.0
15,4.0,0.7276053096982553,3.3326518498643205,-85.23124226835371,0.0,1.2,5,1.0,False,True,0.965418987698663,90,17.709159380834848,45.011,in_progress,0.0
15,5.0,0.734661966434737,3.2993228452932226,-84.3537356783145,0.0,1.0,4,1.0,False,True,1.1574061833706129,90,17.709159380834848,45.078,in_progress,0.0
15,6.0,0.7385162772760907,3.2439247755333804,-84.72225203944981,0.0,1.0,4,1.0,False,True,1.467903983060026,90,17.709159380834848,45.147,in_progress,0.0
15,7.0,0.7391668655479029,3.1929429790271415,-85.63295015452411,30.0,1.0,8,1.0,False,True,1.7485045286989354,91,17.709159380834848,45.208,in_progress,0.0
15,8.0,0.7500174449381751,3.131614055716169,-84.21677754920407,-15.0,1.2,3,1.0,False,True,2.0994877643135568,91,17.709159380834848,45.279,in_progress,0.0
15,9.0,0.7619213506310368,3.0575998710203716,-83.3742651682574,30.0,1.2,9,1.0,False,True,2.5158544668642757,91,17.709159380834848,45.327,in_progress,0.0
15,10.0,0.7748421229280836,2.9699975071746434,-82.71922272299925,0.0,1.2,5,1.0,False,True,3.0183783698199185,92,17.709159380834848,45.412,in_progress,0.0
15,11.0,0.7867868897427065,2.9152307185354625,-81.60704038463773,-30.0,1.2,1,1.0,False,True,3.334757500773289,92,17.709159380834848,45.446,in_progress,0.0
15,12.0,0.7922267899388111,2.8357160238181143,-82.96632642296521,-30.0,1.0,0,1.0,False,True,3.7777798935273332,93,17.709159380834848,45.545,in_progress,0.0
15,13.0,0.7866178742957778,2.759013847226432,-86.34402287487153,0.0,1.2,5,0.5,False,True,4.20321492352037,93,17.709159380834848,45.612,in_progress,0.0
15,14.0,0.7782272407606269,2.6742925098772874,-89.31900656442836,30.0,1.2,9,0.5,False,True,4.66029699937468,94,17.709159380834848,45.677,in_progress,0.0
15,15.0,0.7845898366060841,2.595342445794866,-88.12581226398942,0.0,1.2,5,0.5,False,True,5.111396692609771,95,17.709159380834848,45.745,in_progress,0.0
15,16.0,0.7953366374303475,2.511735667776823,-86.44537825180977,-15.0,1.2,3,0.5,False,True,5.58582984474707,95,17.709159380834848,45.787,in_progress,0.0
15,17.0,0.7982597241486135,2.4212567269931355,-87.016821600701,30.0,1.2,9,0.5,False,True,6.089465622593215,96,17.709159380834848,45.878,in_progress,0.0
15,18.0,0.804710990491959,2.338394432779856,-86.5335158604222,-30.0,1.0,0,0.5,False,True,6.55507628567138,96,17.709159380834848,45.949,in_progress,0.0
15,19.0,0.8175636970070813,2.2612254557718283,-84.74645561789468,0.0,1.2,5,0.5,False,True,6.996496090433702,97,17.709159380834848,46.009,in_progress,0.0
15,20.0,0.8295263433681972,2.1781298315627713,-83.8051234125374,15.0,1.2,7,0.5,False,True,7.469641900026181,97,17.709159380834848,46.081,in_progress,0.0
15,21.0,0.8486677738242436,2.09778389820522,-81.55518977345632,-30.0,1.2,1,0.5,False,True,7.935832746522864,98,17.709159380834848,46.143,in_progress,0.0
15,22.0,0.870336834217331,2.015430143297481,-79.42913865270546,-15.0,1.0,2,0.5,False,True,8.41599334499299,98,17.709159380834848,46.211,in_progress,0.0
15,23.0,0.8820853564456295,1.932244201294315,-80.26355172387345,-30.0,1.0,0,0.5,False,True,8.889416431221075,99,17.709159380834848,46.28,in_progress,0.0
15,24.0,0.8901725082556409,1.8519570267649867,-81.47563382752864,-15.0,1.0,2,0.5,False,True,9.34289069961448,100,17.709159380834848,46.344,in_progress,0.0
15,25.0,0.8881179736809908,1.778623276450575,-84.39557953817777,0.0,1.0,4,0.5,False,True,9.74604978985203,100,17.709159380834848,46.409,in_progress,0.0
15,26.0,0.8812849853111322,1.7024527411925237,-87.50764876486076,15.0,1.2,7,0.1,False,True,10.15882454744892,100,17.709159380834848,46.482,in_progress,0.0
15,27.0,0.8793206077445159,1.6286521160668908,-88.67207615527343,30.0,1.0,8,0.1,False,True,10.56461776242733,101,17.709159380834848,46.547,in_progress,0.0
15,28.0,0.8870611097213708,1.553322050606223,-87.31671577860172,-30.0,1.0,0,0.1,False,True,10.986886435336762,101,17.709159380834848,46.61,in_progress,0.0
15,29.0,0.894786271439419,1.4746141863559448,-86.32537013880889,15.0,1.0,6,0.1,False,True,11.43081000397801,102,17.709159380834848,46.637,in_progress,0.0
15,30.0,0.8994285170270128,1.3894537103260651,-86.4133819553545,15.0,1.2,7,0.1,False,True,11.897741061376587,103,17.709159380834848,46.744,in_progress,0.0
15,31.0,0.9093267781001604,1.3147159439544567,-85.27375328072928,15.0,1.0,6,0.1,False,True,12.303714106113928,103,17.709159380834848,46.813,in_progress,0.0
15,32.0,0.9235190929203217,1.2462543786451636,-83.30357440226523,-30.0,1.2,1,0.1,False,True,12.616587688430492,103,17.709159380834848,46.879,in_progress,0.0
15,33.0,0.9377079782675793,1.1722969047523943,-82.1382933189105,0.0,1.0,4,0.1,False,True,13.039988807663573,104,17.709159380834848,46.934,in_progress,0.0
15,34.0,0.9411570055979923,1.097854761731107,-83.64484637529003,30.0,1.0,8,0.1,False,True,13.305033639033203,104,17.709159380834848,47.009,in_progress,0.0
15,35.0,0.9493267797947167,1.0217277659453496,-83.69856785224586,-15.0,1.0,2,0.1,False,True,13.722286423012676,105,17.709159380834848,47.082,in_progress,0.0
15,36.0,0.9622765314173057,0.9475339786327058,-82.69203323210472,0.0,1.2,5,0.1,False,False,13.994138964803726,105,17.709159380834848,47.14,in_progress,0.0
15,37.0,0.9663375386594839,0.8700040744105966,-84.01495937956398,0.0,1.0,4,0.1,False,False,14.0593467509037,105,17.709159380834848,47.171,in_progress,0.0
15,38.0,0.9676962555873958,0.7992880282683239,-85.34260792660666,0.0,1.2,5,0.001,False,False,14.38899869400866,105,17.709159380834848,47.276,in_progress,0.0
15,39.0,0.9694202565340997,0.7215056210532544,-86.34294906929664,30.0,1.0,8,0.001,False,False,14.75234349681429,106,17.709159380834848,47.346,in_progress,0.0
15,40.0,0.9760023510339989,0.6450355121067229,-85.95821623067025,-30.0,1.2,1,0.001,False,False,14.83397819771275,106,17.709159380834848,47.411,in_progress,0.0
15,41.0,0.9797374933689602,0.5694397919124985,-86.39482419631666,15.0,1.2,7,0.001,False,False,15.138280483516532,106,17.709159380834848,47.48,in_progress,0.0
15,42.0,0.976169150864213,0.4883480164888479,-88.30294821767896,0.0,1.2,5,0.001,True,False,15.464374674919645,107,17.709159380834848,47.541,off_track,0.0
16,1.0,0.9212669113106868,2.5006030552504175,-78.30798773922093,30.0,1.2,9,0.0,False,True,0.79168449726017,95,17.709159380834848,47.683,prepare,0.0
16,2.0,0.9211962625833398,2.500793349094532,-78.30704819935745,-30.0,1.2,1,1.0,False,True,0.7905513493415728,95,17.709159380834848,47.747,in_progress,0.0
16,3.0,0.9223624191501713,2.493902934724084,-78.29035996123221,30.0,1.2,9,1.0,False,True,0.8299868588913739,95,17.709159380834848,47.784,in_progress,0.0
16,4.0,0.9266377021966794,2.4778640684282878,-78.26116842254154,-15.0,1.0,2,1.0,False,True,0.9235696519509395,95,17.709159380834848,47.879,in_progress,0.0
16,5.0,0.9342481153818047,2.456101118492098,-77.41959834336396,-15.0,1.0,2,1.0,False,True,1.052624296364979,96,17.709159380834848,47.947,in_progress,0.0
16,6.0,0.9344294816103549,2.419602970400515,-79.32316132643895,30.0,1.0,8,1.0,False,True,1.2546417757432482,96,17.709159380834848,48.015,in_progress,0.0
16,7.0,0.9409103893901506,2.378122308423225,-79.7127812908066,15.0,1.0,6,1.0,False,True,1.491429333859129,96,17.709159380834848,48.081,in_progress,0.0
16,8.0,0.9625245739759108,2.332444325637974,-76.59861700433476,-30.0,1.0,0,1.0,False,True,1.7687602858494467,96,17.709159380834848,48.147,in_progress,0.0
16,9.0,0.989060699860367,2.26840864637205,-74.16004173663252,-30.0,1.2,1,1.0,False,True,2.1532362003212957,97,17.709159380834848,48.211,in_progress,0.0
16,10.0,0.993126858078415,2.2310453643183585,-75.62819866581765,-15.0,1.2,3,1.0,False,True,2.364492399044338,97,17.709159380834848,48.279,in_progress,0.0
16,11.0,0.9880764890362932,2.154482813213798,-80.98363578736581,-15.0,1.2,3,1.0,False,True,2.7820468434893164,98,17.709159380834848,48.348,in_progress,0.0
16,12.0,0.9795144796719238,2.097423727205874,-85.03950279178129,-30.0,1.2,1,1.0,False,True,3.087731903260038,98,17.709159380834848,48.407,in_progress,0.0
16,13.0,0.9482229170914022,2.0007198111457183,-93.53552644720908,-30.0,1.0,0,1.0,False,True,3.586580568878306,99,17.709159380834848,48.477,in_progress,0.0
16,14.0,0.9266448171643883,1.9533694013985978,-97.86193892056069,-30.0,1.0,0,0.5,False,True,3.8236692187048615,99,17.709159380834848,48.547,in_progress,0.0
16,15.0,0.8938380204018381,1.8896361522016678,-103.22380243436676,30.0,1.2,9,0.5,False,True,4.138732534382072,99,17.709159380834848,48.609,in_progress,0.0
16,16.0,0.8658603233484987,1.8195520523115145,-105.83042315167958,0.0,1.2,5,0.1,False,True,4.494260032020647,100,17.709159380834848,48.665,in_progress,0.0
16,17.0,0.8404597589343578,1.729688118440941,-105.8088972046674,15.0,1.0,6,0.1,False,True,4.961405489593085,100,17.709159380834848,48.751,in_progress,0.0
16,18.0,0.8308404890792219,1.685605150114966,-105.17646319583649,-15.0,1.0,2,0.1,False,True,5.194107083039457,101,17.709159380834848,48.805,in_progress,0.0
16,19.0,0.8143047223025414,1.619284017229346,-104.86602147892668,-15.0,1.2,3,0.1,False,True,5.541829995168957,101,17.709159380834848,48.883,in_progress,0.0
16,20.0,0.7810667973080868,1.547094214523831,-107.96139067578345,-30.0,1.2,1,0.1,False,True,5.898278116963651,101,17.709159380834848,48.949,in_progress,0.0
16,21.0,0.733089030859662,1.4769995250647916,-113.27724439975634,-30.0,1.0,0,0.001,False,False,6.229950484088754,102,17.709159380834848,48.987,in_progress,0.0
16,22.0,0.6812847575740559,1.4233390170136935,-119.2033919336179,15.0,1.2,7,0.001,False,False,6.454834762307716,102,17.709159380834848,49.081,in_progress,0.0
16,23.0,0.6285164966154478,1.3701910207767316,-123.73762780915072,30.0,1.2,9,0.001,False,False,6.679898904250459,102,17.709159380834848,49.144,in_progress,0.0
16,24.0,0.5862262116867261,1.3037238808409028,-123.32975695755023,15.0,1.2,7,0.001,False,False,6.996102871440025,103,17.709159380834848,49.212,in_progress,0.0
16,25.0,0.5500500219654687,1.220107306980051,-119.96256270661341,15.0,1.2,7,0.001,True,False,7.303714106113923,103,17.709159380834848,49.266,off_track,0.0
17,1.0,1.100939842254494,1.633538508323307,-78.29283099997308,0.0,1.2,5,0.0,False,True,0.7918356805310611,101,17.709159380834848,49.412,prepare,0.0
17,2.0,1.100875049211879,1.6337574039001623,-78.27851755465016,-15.0,1.0,2,1.0,False,True,0.7905508113053128,101,17.709159380834848,49.479,in_progress,0.0
17,3.0,1.1023947797047469,1.6276655601767562,-78.23268597759568,15.0,1.2,7,1.0,False,True,0.8259796061282798,101,17.709159380834848,49.543,in_progress,0.0
17,4.0,1.113007112312254,1.610218717108693,-76.52631094591776,0.0,1.2,5,1.0,False,True,0.9347121925718849,101,17.709159380834848,49.605,in_progress,0.0
17,5.0,1.1296278081439226,1.585682852422652,-73.99032182548068,15.0,1.2,7,1.0,False,True,1.0895940353351286,102,17.709159380834848,49.66,in_progress,0.0
17,6.0,1.158606195080812,1.5464633760277475,-70.03930443011718,15.0,1.0,6,1.0,False,True,1.339964023128437,102,17.709159380834848,49.748,in_progress,0.0
17,7.0,1.1949682765165688,1.509287823762594,-65.00239846197289,0.0,1.2,5,1.0,False,True,1.5900389705237772,102,17.709159380834848,49.813,in_progress,0.0
17,8.0,1.238762584491443,1.4626153520846108,-60.55821905395707,-30.0,1.0,0,0.5,False,True,1.9000042863194233,103,17.709159380834848,49.836,in_progress,0.0
17,9.0,1.2756498076213496,1.4035980326513633,-59.86898144421605,30.0,1.2,9,0.5,False,True,2.2698313119157043,103,17.709159380834848,49.946,in_progress,0.0
17,10.0,1.3113086170353698,1.351617618131303,-58.70638084171044,-30.0,1.0,0,0.5,False,True,2.6557478456130323,103,17.709159380834848,50.014,in_progress,0.0
17,11.0,1.3620469791732654,1.293863702052672,-55.7986668236562,0.0,1.0,4,0.5,False,True,3.048822204321011,104,17.709159380834848,50.08,in_progress,0.0
17,12.0,1.4058866919819586,1.2338908910975896,-55.22894812276469,15.0,1.2,7,0.1,False,True,3.5429438977115035,104,17.709159380834848,50.143,in_progress,0.0
17,13.0,1.4560439101439788,1.181996281079238,-52.572057814793816,30.0,1.2,9,0.1,False,True,4.229354894118775,105,17.709159380834848,50.17,in_progress,0.0
17,14.0,1.5244070454237588,1.1316576483642076,-47.32090133062557,-30.0,1.0,0,0.1,False,True,4.684869794055102,106,17.709159380834848,50.277,in_progress,0.0
17,15.0,1.584663863409732,1.0921343985777883,-43.30703821652142,15.0,1.0,6,0.1,False,True,5.24056879848257,106,17.709159380834848,50.329,in_progress,0.0
17,16.0,1.646081255573811,1.0510335527009687,-40.57029530419384,15.0,1.2,7,0.1,False,True,6.195701826887334,108,17.709159380834848,50.414,in_progress,0.0
17,17.0,1.7109374337290395,1.0183936010791643,-36.692105966723474,15.0,1.2,7,0.1,False,True,6.85024870494747,108,17.709159380834848,50.478,in_progress,0.0
17,18.0,1.783979589604629,0.9876586241839704,-32.51835225003794,15.0,1.0,6,0.1,False,True,7.466695597589357,109,17.709159380834848,50.543,in_progress,0.0
17,19.0,1.8538689065260807,0.9658886323888665,-28.235391118926557,15.0,1.2,7,0.1,False,True,7.87821015665765,110,17.709159380834848,50.613,in_progress,0.0
17,20.0,1.9307005187296062,0.9496232390619774,-23.35608583659294,15.0,1.2,7,0.1,False,True,8.413146866270393,110,17.709159380834848,50.669,in_progress,0.0
17,21.0,2.0049591288443582,0.9379550100357523,-19.205855862795097,-30.0,1.0,0,0.1,False,True,8.837579419282394,111,17.709159380834848,50.738,in_progress,0.0
17,22.0,2.082903770493903,0.9173502731940704,-17.815441892814217,-15.0,1.0,2,0.1,False,True,9.372630152232341,111,17.709159380834848,50.788,in_progress,0.0
17,23.0,2.1523349554669116,0.8891986196018014,-19.04146999024017,15.0,1.0,6,0.1,False,True,9.776303783613006,112,17.709159380834848,50.879,in_progress,0.0
17,24.0,2.215905653926985,0.8637631708218395,-19.792811011504003,15.0,1.0,6,0.1,False,True,10.213133567463839,112,17.709159380834848,50.947,in_progress,0.0
17,25.0,2.2824097664680303,0.8493140507022681,-17.7852360721458,0.0,1.2,5,0.5,False,True,10.590171217869472,113,17.709159380834848,51.01,in_progress,0.0
17,26.0,2.3574525623560314,0.8367967598904971,-15.38017903573519,30.0,1.2,9,0.5,False,True,11.066056194755769,113,17.709159380834848,51.083,in_progress,0.0
17,27.0,2.4366314785885055,0.8301998567792164,-12.143667329879706,-30.0,1.0,0,0.5,False,True,11.511579005157724,114,17.709159380834848,51.148,in_progress,0.0
17,28.0,2.508813090448441,0.8249375148826528,-9.738568331069322,30.0,1.2,9,0.5,False,True,11.91488137120148,114,17.709159380834848,51.215,in_progress,0.0
17,29.0,2.5834929307456393,0.8129436294022309,-9.532036214838024,-30.0,1.2,1,0.5,False,True,12.334238991800039,115,17.709159380834848,51.281,in_progress,0.0
17,30.0,2.6571339616777254,0.8037332588747559,-8.8549006678204,0.0,1.0,4,0.5,False,True,12.737340726291514,115,17.709159380834848,51.308,in_progress,0.0
17,31.0,2.7268630115634713,0.7943095564228884,-8.496747353516456,-15.0,1.2,3,0.5,False,True,13.130203482059121,116,17.709159380834848,51.409,in_progress,0.0
17,32.0,2.808189749293364,0.7827057658558484,-8.46361002222514,-30.0,1.0,0,0.5,False,True,13.579474303744476,116,17.709159380834848,51.483,in_progress,0.0
17,33.0,2.874604538992379,0.762064800353908,-10.85505997259837,-30.0,1.0,0,0.5,False,True,13.954526621945806,117,17.709159380834848,51.551,in_progress,0.0
17,34.0,2.9386745633309435,0.7366619791619862,-13.734544983406558,-30.0,1.2,1,1.0,False,True,14.315315333009837,117,17.709159380834848,51.591,in_progress,0.0
17,35.0,3.00453352483889,0.7035120898673793,-17.48929352448933,0.0,1.0,4,1.0,False,True,14.687876508167609,118,17.709159380834848,51.684,in_progress,0.0
17,36.0,3.067738105981634,0.6689558925879409,-20.676366857181897,-30.0,1.2,1,1.0,False,True,15.044952646960468,0,17.709159380834848,51.747,in_progress,0.0
17,37.0,3.1304154195598914,0.6328348832038369,-23.329644801704674,-30.0,1.2,1,1.0,False,True,15.398224393793328,0,17.709159380834848,51.812,in_progress,0.0
17,38.0,3.193266885872594,0.5814539923287452,-28.27828139727354,15.0,1.0,6,0.5,False,True,15.752203919882277,1,17.709159380834848,51.879,in_progress,0.0
17,39.0,3.254020270376877,0.5295665311803984,-32.093558571860186,15.0,1.2,7,0.5,False,True,16.095773692358932,1,17.709159380834848,51.942,in_progress,0.0
17,40.0,3.3209512995184016,0.48985124930737817,-31.633315781208474,0.0,1.2,5,0.1,False,True,16.47337565321061,2,17.709159380834848,52.011,in_progress,0.0
17,41.0,3.39480504057239,0.4595526912077793,-28.782499638380912,15.0,1.2,7,0.1,False,True,16.89176528211071,2,17.709159380834848,52.069,in_progress,0.0
17,42.0,3.474128232243182,0.4353394617156128,-25.020314668822348,-30.0,1.2,1,0.1,False,True,17.339652438675103,3,17.709159380834848,52.146,in_progress,0.0
17,43.0,3.556264891393011,0.40303792498594426,-23.887069323832375,0.0,1.0,4,0.1,False,True,17.803190134527185,3,17.709159380834848,52.205,in_progress,0.0
17,44.0,3.630226172808891,0.3734736151251662,-23.245611566237866,-15.0,1.0,2,0.1,False,True,18.220768281582124,4,17.709159380834848,52.279,in_progress,0.0
17,45.0,3.69522471580322,0.34946495541574524,-22.412978148234583,-30.0,1.2,1,0.1,False,False,18.587789379932914,4,17.709159380834848,52.347,in_progress,0.0
17,46.0,3.7619557162244956,0.31186318797294105,-24.543643549742796,-30.0,1.2,1,0.1,False,False,18.964526308442885,5,17.709159380834848,52.415,in_progress,0.0
17,47.0,3.832366899474038,0.25657256635707987,-29.168155259056462,-30.0,1.2,1,0.001,False,False,19.362069516140807,5,17.709159380834848,52.482,in_progress,0.0
17,48.0,3.884669878625603,0.2045653505890737,-33.62190021027512,15.0,1.0,6,0.001,False,False,19.657311565753773,6,17.709159380834848,52.549,in_progress,0.0
17,49.0,3.9399869159960104,0.1528751182270468,-36.385498406838906,-30.0,1.2,1,0.001,False,False,19.96957400710457,6,17.709159380834848,52.612,in_progress,0.0
17,50.0,3.996298586562641,0.09801240535066394,-38.87389548545465,-15.0,1.2,3,0.001,True,False,20.287448027329518,6,17.709159380834848,52.684,off_track,0.0
18,1.0,1.4531221777225674,0.8417254509711719,-47.87938119937281,15.0,1.2,7,0.0,False,True,0.7844245559755603,107,17.709159380834848,52.809,prepare,0.0
18,2.0,1.4530874624351156,0.8417940797852065,-47.87415389379539,0.0,1.2,5,1.0,False,True,0.7840701961324581,107,17.709159380834848,52.879,in_progress,0.0
18,3.0,1.4575047542653345,0.8363739423079407,-47.961230611546846,-15.0,1.2,3,1.0,False,True,0.8204224105330726,107,17.709159380834848,52.948,in_progress,0.0
18,4.0,1.4683924175254086,0.818902152168805,-48.876040063086585,0.0,1.2,5,1.0,False,True,0.9208704910776633,107,17.709159380834848,53.011,in_progress,0.0
18,5.0,1.492769705941876,0.7887740777902397,-49.28688498332917,-15.0,1.0,2,1.0,False,True,1.1220550379003713,108,17.709159380834848,53.084,in_progress,0.0
18,6.0,1.5211204766076887,0.7411728890121323,-51.54268131710147,30.0,1.0,8,1.0,False,True,1.3891701021428005,108,17.709159380834848,53.144,in_progress,0.0
18,7.0,1.5431445168900408,0.7023943484605197,-53.339789034119356,-30.0,1.0,0,0.5,False,True,1.524182352757819,108,17.709159380834848,53.2,in_progress,0.0
18,8.0,1.5719152411935697,0.6486806152754596,-55.36218268830045,-30.0,1.2,1,0.5,False,True,1.7711657599683295,108,17.709159380834848,53.278,in_progress,0.0
18,9.0,1.590156290309104,0.5825853684571504,-60.52820262523712,-30.0,1.0,0,0.5,False,True,1.9876970502417768,109,17.709159380834848,53.345,in_progress,0.0
18,10.0,1.5955584137888312,0.5110254695697929,-67.37938359771086,30.0,1.0,8,0.1,False,True,2.145336440392287,109,17.709159380834848,53.409,in_progress,0.0
18,11.0,1.6088210216572563,0.4400578570189722,-70.71499206606514,-30.0,1.0,0,0.1,False,True,2.343984580048031,109,17.709159380834848,53.478,in_progress,0.0
18,12.0,1.6286296538656233,0.37039649780703376,-71.68877210043479,30.0,1.2,9,0.1,False,True,2.371672261628721,109,17.709159380834848,53.546,in_progress,0.0
18,13.0,1.6448368869223629,0.29918819743860525,-73.27651323352137,-30.0,1.0,0,0.001,False,False,2.499164946701782,109,17.709159380834848,53.616,in_progress,0.0
18,14.0,1.6643192898588917,0.2234330234079002,-73.94019552796692,15.0,1.2,7,0.001,False,False,2.694987039585739,109,17.709159380834848,53.675,in_progress,0.0
18,15.0,1.6820513499001362,0.15439381897111049,-74.40166010394461,0.0,1.2,5,0.001,False,False,2.8733208390494314,110,17.709159380834848,53.747,in_progress,0.0
18,16.0,1.7101178472686775,0.07642775555407991,-73.15483526976209,15.0,1.0,6,0.001,True,False,3.1191479753342466,110,17.709159380834848,53.811,off_track,0.0
19,1.0,2.31466538218581,0.6707761838351584,-1.1225392117389859,-15.0,1.2,3,0.0,False,True,0.7916660710601597,113,17.709159380834848,53.921,prepare,0.0
19,2.0,2.314461313881152,0.6707960759928495,-1.1041583585924888,0.0,1.2,5,1.0,False,True,0.7905183955890571,113,17.709159380834848,54.012,in_progress,0.0
19,3.0,2.323472055786553,0.6717482881644977,-0.826579810197817,0.0,1.0,4,1.0,False,True,0.8415576777040412,113,17.709159380834848,54.069,in_progress,0.0
19,4.0,2.346643434145856,0.6725845736673611,-0.5527493101960083,30.0,1.2,9,1.0,False,True,0.972486842344622,113,17.709159380834848,54.148,in_progress,0.0
19,5.0,2.3832574160047733,0.6775571248016936,0.7249503726811503,15.0,1.0,6,1.0,False,True,1.1800971921460346,113,17.709159380834848,54.212,in_progress,0.0
19,6.0,2.4272518866369692,0.6984365145313443,5.452833407599073,-30.0,1.2,1,1.0,False,True,1.4325129206373854,114,17.709159380834848,54.282,in_progress,0.0
19,7.0,2.4808792381962297,0.714296170166614,7.999391242312233,0.0,1.0,4,1.0,False,True,1.737531280360205,114,17.709159380834848,54.345,in_progress,0.0
19,8.0,2.5431757258607877,0.7194698250614018,7.144693141002865,30.0,1.0,8,1.0,False,True,2.0900528255202167,115,17.709159380834848,54.416,in_progress,0.0
19,9.0,2.6068256793281055,0.7438723521649272,10.78219718739294,-30.0,1.0,0,1.0,False,True,2.453635631609441,115,17.709159380834848,54.483,in_progress,0.0
19,10.0,2.67282395226623,0.7724452175765644,14.365355988831144,-30.0,1.2,1,0.5,False,True,2.823157326155701,115,17.709159380834848,54.541,in_progress,0.0
19,11.0,2.747315589464091,0.7834782308059595,12.588089424822803,-30.0,1.0,0,0.5,False,True,3.244721648951421,116,17.709159380834848,54.611,in_progress,0.0
19,12.0,2.81884869477626,0.7839281430137763,9.337060621087632,0.0,1.0,4,0.5,False,True,3.639661908340075,116,17.709159380834848,54.683,in_progress,0.0
19,13.0,2.8916144220465476,0.7869936535439831,7.440840418591946,-15.0,1.2,3,0.5,False,True,4.05055186927733,117,17.709159380834848,54.741,in_progress,0.0
19,14.0,2.964369711975041,0.7951476255189003,7.087384528825029,0.0,1.0,4,0.5,False,True,4.459224958545183,117,17.709159380834848,54.81,in_progress,0.0
19,15.0,3.0435551303878725,0.8108857260087154,8.367168879989698,-30.0,1.2,1,0.5,False,True,4.906047147463766,118,17.709159380834848,54.881,in_progress,0.0
19,16.0,3.1077789739246153,0.823602736379569,9.11297564073152,30.0,1.2,9,0.5,False,True,5.273847276655047,0,17.709159380834848,54.904,in_progress,0.0
19,17.0,3.1800814621443765,0.8336708068656897,8.906444206258707,-15.0,1.2,3,0.5,False,True,5.682304394348279,1,17.709159380834848,55.003,in_progress,0.0
19,18.0,3.252085299059262,0.8438209727181613,8.696986698268805,15.0,1.2,7,0.5,False,True,6.087564727274156,1,17.709159380834848,55.081,in_progress,0.0
19,19.0,3.3336230121668597,0.8552792087638561,8.487140834799547,15.0,1.0,6,0.5,False,True,6.548090053201477,2,17.709159380834848,55.144,in_progress,0.0
19,20.0,3.411061025014385,0.8788649034746063,11.136978820107123,-30.0,1.2,1,0.1,False,True,6.984159792425871,2,17.709159380834848,55.213,in_progress,0.0
19,21.0,3.4805931178084837,0.8949540671400197,11.72141836027506,30.0,1.0,8,0.1,False,True,7.376816316145181,3,17.709159380834848,55.26,in_progress,0.0
19,22.0,3.5682092858047163,0.9140026489713363,11.902269168849553,-15.0,1.2,3,0.1,False,True,7.871779148407342,3,17.709159380834848,55.343,in_progress,0.0
19,23.0,3.6282062293864845,0.934141464131652,13.566713723718095,0.0,1.2,5,0.1,False,True,8.21061457686693,4,17.709159380834848,55.412,in_progress,0.0
19,24.0,3.706642580327591,0.9524296790094539,13.361892665582907,15.0,1.0,6,0.1,False,True,8.653536179396653,4,17.709159380834848,55.481,in_progress,0.0
19,25.0,3.777218415850637,0.9772338520278462,15.134345636550647,-15.0,1.2,3,0.1,False,True,9.052115801196507,5,17.709159380834848,55.547,in_progress,0.0
19,26.0,3.8590042884202305,1.0077144795498387,16.820755368468816,0.0,1.2,5,0.1,False,False,9.513960826539801,5,17.709159380834848,55.606,in_progress,0.0
19,27.0,3.9175753786468195,1.0171825332074287,15.006914228648391,0.0,1.2,5,0.1,False,False,9.844718367953732,6,17.709159380834848,55.681,in_progress,0.0
19,28.0,3.998438913922837,1.0263345426933468,12.374885993506402,30.0,1.2,9,0.1,False,False,10.301355384474391,6,17.709159380834848,55.747,in_progress,0.0
19,29.0,4.071233184819454,1.0377994502932713,11.465033323958911,-15.0,1.0,2,0.1,False,False,10.71243220895714,7,17.709159380834848,55.767,in_progress,0.0
19,30.0,4.151695599270681,1.059972234057057,12.742007170951396,0.0,1.0,4,0.1,False,False,11.16684380523408,7,17.709159380834848,55.877,in_progress,0.0
19,31.0,4.2214243039386945,1.0702075424825668,11.550294131374553,-30.0,1.0,0,0.001,False,False,11.560607954575744,8,17.709159380834848,55.936,in_progress,0.0
19,32.0,4.292624610738395,1.0760066234431787,9.610781083757004,30.0,1.2,9,0.001,False,False,11.96268608009791,8,17.709159380834848,56.012,in_progress,0.0
19,33.0,4.365582313743994,1.0835981209866103,8.57320428548249,-30.0,1.2,1,0.001,False,False,12.37467869124444,9,17.709159380834848,56.071,in_progress,0.0
19,34.0,4.43971646774589,1.08916003819758,7.348436647064385,30.0,1.0,8,0.001,False,False,12.793301247337368,9,17.709159380834848,56.147,in_progress,0.0
19,35.0,4.513045433892058,1.0832161479853084,3.954671749423749,-15.0,1.0,2,0.001,False,False,13.207362955193787,10,17.709159380834848,56.197,in_progress,0.0
19,36.0,4.587480395279328,1.0806487163958427,2.234015417116909,0.0,1.2,5,0.001,False,False,13.627703531556662,10,17.709159380834848,56.28,in_progress,0.0
19,37.0,4.660462260140014,1.0717479264233087,-0.4282831018105765,0.0,1.0,4,0.001,False,False,14.039798689945343,11,17.709159380834848,56.343,in_progress,0.0
19,38.0,4.737160145556192,1.0623082314880148,-2.401174156601011,15.0,1.2,7,0.1,False,False,14.472912910615676,11,17.709159380834848,56.411,in_progress,0.0
19,39.0,4.8177962182380085,1.0583223781475508,-2.5610823452041966,15.0,1.0,6,0.1,False,False,14.928239624587377,12,17.709159380834848,56.478,in_progress,0.0
19,40.0,4.888310725668937,1.0637302780648745,-0.6350370378967212,15.0,1.2,7,0.1,False,False,15.326441304943515,12,17.709159380834848,56.538,in_progress,0.0
19,41.0,4.962306325924149,1.076498360747412,2.4007138921185134,0.0,1.2,5,0.001,False,False,15.744307325188771,13,17.709159380834848,56.615,in_progress,0.0
19,42.0,5.04386516479176,1.0843559662491637,3.306559994637619,15.0,1.0,6,0.001,False,False,16.20478805187389,13,17.709159380834848,56.682,in_progress,0.0
19,43.0,5.127975066501868,1.0998428699239,5.716400470639464,30.0,1.0,8,0.001,False,False,16.679770241433502,14,17.709159380834848,56.746,in_progress,0.0
19,44.0,5.184354661308141,1.117454699949121,8.481452445248062,0.0,1.0,4,0.001,False,False,16.998046069314015,14,17.709159380834848,56.812,in_progress,0.0
19,45.0,5.250852945572314,1.1329239424175126,9.67020804495011,-15.0,1.2,3,0.001,False,False,17.37357463747003,15,17.709159380834848,56.88,in_progress,0.0
19,46.0,5.320321551926729,1.1388141354169745,8.322735772806741,-30.0,1.2,1,0.001,False,False,17.766236573373888,15,17.709159380834848,56.944,in_progress,0.0
19,47.0,5.398495808313254,1.1296445234440664,3.791757672730794,30.0,1.0,8,0.001,False,False,18.20764732548119,16,17.709159380834848,57.01,in_progress,0.0
19,48.0,5.470664646691001,1.1241120200431807,1.3125979380514592,-15.0,1.2,3,0.001,False,False,18.617680528576983,16,17.709159380834848,57.081,in_progress,0.0
19,49.0,5.550332364656868,1.122322094057672,0.4869494963535389,15.0,1.2,7,0.001,False,False,19.067532544174583,17,17.709159380834848,57.145,in_progress,0.0
19,50.0,5.629257514981472,1.1148685843269504,-1.280581331062236,15.0,1.2,7,0.001,False,False,19.508795345893716,17,17.709159380834848,57.211,in_progress,0.0
19,51.0,5.709552631179749,1.1222228014662419,0.7244717087343994,-30.0,1.2,1,0.001,False,False,19.962191955396634,18,17.709159380834848,57.281,in_progress,0.0
19,52.0,5.795737891535234,1.1231840501800003,0.6259764946945477,15.0,1.0,6,0.001,False,False,20.438209329528362,18,17.709159380834848,57.344,in_progress,0.0
19,53.0,5.869881791816957,1.1183511519312714,-0.6648323590145818,-15.0,1.2,3,0.001,False,False,20.857006402412154,19,17.709159380834848,57.412,in_progress,0.0
19,54.0,5.948299283689561,1.1144750096558362,-1.3744076544512482,30.0,1.0,8,0.001,False,False,21.290791481241314,19,17.709159380834848,57.481,in_progress,0.0
19,55.0,6.020352413058303,1.1124997496933875,-1.613347826873359,30.0,1.2,9,0.001,False,False,21.69773983933584,20,17.709159380834848,57.543,in_progress,0.0
19,56.0,6.097222430564084,1.122669156905939,1.1892303048058737,15.0,1.0,6,0.001,False,False,22.21562719181226,20,17.709159380834848,57.615,in_progress,0.0
19,57.0,6.180069033581452,1.1516141157195905,7.1189602594002634,-30.0,1.0,0,0.001,False,False,22.837615938410664,21,17.709159380834848,57.681,in_progress,0.0
19,58.0,6.243981010058423,1.168891594382228,9.19529495873501,0.0,1.0,4,0.001,False,False,23.20533461521829,22,17.709159380834848,57.749,in_progress,0.0
19,59.0,6.314591398197442,1.1808259703657533,9.298050795739165,15.0,1.2,7,0.001,True,False,23.7536007038279,22,17.709159380834848,57.775,off_track,0.0
